,Signal
0,-4.891942551724139
1,-5.149370482758622
2,-5.406798413793103
3,-5.484887389830509
4,-5.591300949152543
5,-5.6977145084745775
6,-5.772204
7,-5.772204
8,-5.772204
9,-5.772204
10,-5.183604
11,-5.183604
12,-5.183604
13,-4.633263
14,-4.633263
15,-4.633263
16,-4.678108714285714
17,-4.790223
18,-4.790223
19,-4.790223
20,-5.301324
21,-5.301324
22,-5.301324
23,-5.1242535
24,-4.947183
25,-4.947183
26,-4.947183
27,-4.947183
28,-4.947183
29,-4.947183
30,-5.034230399999999
31,-5.065884
32,-5.065884
33,-5.057416421052632
34,-5.025663
35,-5.025663
36,-5.022644538461538
37,-4.992459923076923
38,-4.986423
39,-4.986423
40,-5.0850135
41,-5.183604
42,-5.183604
43,-5.1441678
44,-5.0127138
45,-4.986423
46,-4.9930175
47,-5.058962500000001
48,-5.105124
49,-5.105124
50,-5.124744
51,-5.173794
52,-5.183604
53,-5.18949
54,-5.209110000000001
55,-5.222844
56,-5.222844
57,-5.222844
58,-5.222844
59,-5.222844
60,-5.244551234042553
61,-5.277946978723405
62,-5.301324
63,-5.282488799999999
64,-5.219704800000001
65,-5.156920799999999
66,-5.141561142857142
67,-5.113532571428571
68,-5.085504
69,-5.065884
70,-5.119580842105263
71,-5.202191368421053
72,-5.284801894736842
73,-5.312148827586207
74,-5.366272965517241
75,-5.420397103448276
76,-5.452908657534247
77,-5.399155232876712
78,-5.3454018082191785
79,-5.291648383561644
80,-5.262084
81,-5.262084
82,-5.262084
83,-5.3405640000000005
84,-5.3405640000000005
85,-5.3405640000000005
86,-5.351775428571428
87,-5.379804
88,-5.379804
89,-5.379804
90,-5.222844
91,-5.222844
92,-5.222844
93,-5.364108
94,-5.458284
95,-5.458284
96,-5.4607365
97,-5.497524
98,-5.497524
99,-5.497524
100,-5.411196
101,-5.379804
102,-5.379804
103,-5.355020842105263
104,-5.262084
105,-5.262084
106,-5.274157846153846
107,-5.394896307692307
108,-5.419044
109,-5.419044
110,-5.3828224615384626
111,-5.3405640000000005
112,-5.3405640000000005
113,-5.327032965517241
114,-5.272908827586207
115,-5.262084
116,-5.262084
117,-5.262084
118,-5.262084
119,-5.262084
120,-5.353644
121,-5.506244000000001
122,-5.536764000000001
123,-5.533582378378379
124,-5.512371567567568
125,-5.497524
126,-5.497524
127,-5.497524
128,-5.497524
129,-5.497524
130,-5.466814434782609
131,-5.415631826086957
132,-5.379804
133,-5.387318042553192
134,-5.437411659574469
135,-5.487505276595745
136,-5.498925428571429
137,-5.512939714285714
138,-5.526954000000001
139,-5.536764000000001
140,-5.527608000000001
141,-5.514528
142,-5.501448
143,-5.5008494237288135
144,-5.514151118644068
145,-5.5274528135593215
146,-5.534385818181819
147,-5.510604
148,-5.486822181818182
149,-5.463040363636364
150,-5.458284
151,-5.458284
152,-5.458284
153,-5.536764000000001
154,-5.576004
155,-5.576004
156,-5.568156
157,-5.536764000000001
158,-5.536764000000001
159,-5.536764000000001
160,-5.500794
161,-5.497524
162,-5.497524
163,-5.511793090909092
164,-5.536764000000001
165,-5.536764000000001
166,-5.536764000000001
167,-5.419044
168,-5.419044
169,-5.419044
170,-5.362986857142858
171,-5.3405640000000005
172,-5.3405640000000005
173,-5.347104000000001
174,-5.379804
175,-5.379804
176,-5.379804
177,-5.412504
178,-5.419044
179,-5.419044
180,-5.402694
181,-5.379804
182,-5.379804
183,-5.3845128
184,-5.4786888000000005
185,-5.497524
186,-5.497524
187,-5.497524
188,-5.497524
189,-5.497524
190,-5.437574000000001
191,-5.328574
192,-5.301324
193,-5.2949607567567565
194,-5.252539135135136
195,-5.222844
196,-5.222844
197,-5.222844
198,-5.222844
199,-5.222844
200,-5.231057023255814
201,-5.2493081860465125
202,-5.262084
203,-5.267202260869565
204,-5.318384869565217
205,-5.36956747826087
206,-5.380504714285715
207,-5.394519000000001
208,-5.408533285714285
209,-5.419044
210,-5.368592571428572
211,-5.2845068571428575
212,-5.2004211428571425
213,-5.1856692631578944
214,-5.199437684210526
215,-5.213206105263158
216,-5.222249454545454
217,-5.210358545454545
218,-5.198467636363636
219,-5.186576727272727
220,-5.183604
221,-5.183604
222,-5.183604
223,-5.419044
224,-5.419044
225,-5.419044
226,-5.419044
227,-5.3405640000000005
228,-5.3405640000000005
229,-5.3405640000000005
230,-5.301324
231,-5.301324
232,-5.301324
233,-5.301324
234,-5.301324
235,-5.301324
236,-5.301324
237,-5.301324
238,-5.301324
239,-5.301324
240,-5.387652
241,-5.419044
242,-5.419044
243,-5.419044
244,-5.419044
245,-5.419044
246,-5.419044
247,-5.5031297142857145
248,-5.536764000000001
249,-5.536764000000001
250,-5.490699652173913
251,-5.419044
252,-5.419044
253,-5.423404000000001
254,-5.452470666666667
255,-5.458284
256,-5.458284
257,-5.458284
258,-5.458284
259,-5.458284
260,-5.419044
261,-5.320944
262,-5.301324
263,-5.301324
264,-5.391694909090909
265,-5.458284
266,-5.458284
267,-5.406268186046512
268,-5.351514697674419
269,-5.3405640000000005
270,-5.360662536585366
271,-5.418086926829268
272,-5.458284
273,-5.454796
274,-5.385036
275,-5.315276
276,-5.301324
277,-5.274157846153846
278,-5.243973230769231
279,-5.222844
280,-5.258516727272728
281,-5.329862181818181
282,-5.401207636363637
283,-5.423103310344827
284,-5.4636964137931034
285,-5.5042895172413795
286,-5.536764000000001
287,-5.426401500000001
288,-5.316039000000001
289,-5.2056765
290,-5.183604
291,-5.183604
292,-5.183604
293,-5.183604
294,-5.262084
295,-5.262084
296,-5.262084
297,-5.3405640000000005
298,-5.3405640000000005
299,-5.3405640000000005
300,-5.301324
301,-5.301324
302,-5.301324
303,-5.385409714285714
304,-5.497524
305,-5.497524
306,-5.497524
307,-5.222844
308,-5.222844
309,-5.222844
310,-5.273295428571428
311,-5.301324
312,-5.301324
313,-5.3149070769230775
314,-5.405460923076923
315,-5.419044
316,-5.419044
317,-5.480463130434783
318,-5.497524
319,-5.497524
320,-5.383371272727273
321,-5.183604
322,-5.183604
323,-5.1775670769230775
324,-5.1171978461538465
325,-5.105124
326,-5.105124
327,-5.2867491428571425
328,-5.458284
329,-5.458284
330,-5.4745212413793105
331,-5.555707448275863
332,-5.576004
333,-5.576004
334,-5.4605922352941185
335,-5.379804
336,-5.379804
337,-5.285628
338,-5.167908
339,-5.144364
340,-5.188166790697674
341,-5.297673767441861
342,-5.379804
343,-5.384813361702128
344,-5.418209106382979
345,-5.451604851063831
346,-5.458284
347,-5.403951692307693
348,-5.343582461538462
349,-5.301324
350,-5.3085906666666665
351,-5.323124
352,-5.337657333333333
353,-5.341277454545454
354,-5.355546545454546
355,-5.3698156363636365
356,-5.379804
357,-5.391453375
358,-5.4037158750000005
359,-5.415978375
360,-5.403854322580646
361,-5.365880129032258
362,-5.327905935483871
363,-5.301324
364,-5.301324
365,-5.301324
366,-5.301324
367,-5.183604
368,-5.183604
369,-5.183604
370,-5.262084
371,-5.262084
372,-5.262084
373,-5.314404
374,-5.419044
375,-5.419044
376,-5.419044
377,-5.301324
378,-5.301324
379,-5.301324
380,-5.278901142857142
381,-5.262084
382,-5.262084
383,-5.266007999999999
384,-5.3405640000000005
385,-5.3405640000000005
386,-5.3405640000000005
387,-5.3405640000000005
388,-5.3405640000000005
389,-5.3405640000000005
390,-5.326915304347827
391,-5.301324
392,-5.301324
393,-5.301324
394,-5.301324
395,-5.301324
396,-5.301324
397,-5.281143428571428
398,-5.262084
399,-5.262084
400,-5.2555439999999995
401,-5.2293840000000005
402,-5.222844
403,-5.222844
404,-5.29209105882353
405,-5.3405640000000005
406,-5.3405640000000005
407,-5.3405640000000005
408,-5.3405640000000005
409,-5.3405640000000005
410,-5.335533230769231
411,-5.3154101538461545
412,-5.301324
413,-5.301324
414,-5.254236
415,-5.1953759999999996
416,-5.183604
417,-5.183604
418,-5.183604
419,-5.183604
420,-5.1969307924528305
421,-5.2265458867924535
422,-5.2561609811320755
423,-5.261370545454546
424,-5.247101454545455
425,-5.232832363636364
426,-5.222844
427,-5.211908262295082
428,-5.199042688524591
429,-5.1861771147540985
430,-5.206026857142858
431,-5.2558554285714285
432,-5.305684
433,-5.3405640000000005
434,-5.3405640000000005
435,-5.3405640000000005
436,-5.3405640000000005
437,-5.183604
438,-5.183604
439,-5.183604
440,-5.144364
441,-5.144364
442,-5.144364
443,-5.144364
444,-5.301324
445,-5.301324
446,-5.301324
447,-5.222844
448,-5.222844
449,-5.222844
450,-5.2014403636363635
451,-5.183604
452,-5.183604
453,-5.183604
454,-5.301324
455,-5.301324
456,-5.301324
457,-5.417337913043479
458,-5.458284
459,-5.458284
460,-5.405964000000001
461,-5.301324
462,-5.301324
463,-5.301324
464,-5.3667240000000005
465,-5.379804
466,-5.379804
467,-5.320944
468,-5.262084
469,-5.262084
470,-5.256671586206897
471,-5.2296095172413795
472,-5.222844
473,-5.222844
474,-5.289061500000001
475,-5.3405640000000005
476,-5.3405640000000005
477,-5.3405640000000005
478,-5.3405640000000005
479,-5.3405640000000005
480,-5.348825052631579
481,-5.390130315789475
482,-5.419044
483,-5.419044
484,-5.402226857142858
485,-5.383541142857143
486,-5.379804
487,-5.392884
488,-5.408272235294118
489,-5.419044
490,-5.419044
491,-5.419044
492,-5.419044
493,-5.419044
494,-5.419044
495,-5.419044
496,-5.419044
497,-5.403348
498,-5.374809818181818
499,-5.346271636363636
500,-5.341965428571428
501,-5.355979714285715
502,-5.369994
503,-5.379804
504,-5.3920665
505,-5.404329
506,-5.416591500000001
507,-5.419044
508,-5.419044
509,-5.419044
510,-5.379804
511,-5.379804
512,-5.379804
513,-5.379804
514,-5.183604
515,-5.183604
516,-5.183604
517,-5.3405640000000005
518,-5.3405640000000005
519,-5.3405640000000005
520,-5.362364
521,-5.379804
522,-5.379804
523,-5.379804
524,-5.301324
525,-5.301324
526,-5.301324
527,-5.450809714285715
528,-5.497524
529,-5.497524
530,-5.438664
531,-5.301324
532,-5.301324
533,-5.301324
534,-5.334023999999999
535,-5.3405640000000005
536,-5.3405640000000005
537,-5.482065818181819
538,-5.615244000000001
539,-5.615244000000001
540,-5.631891272727274
541,-5.679454909090909
542,-5.6937240000000005
543,-5.6937240000000005
544,-5.53557490909091
545,-5.419044
546,-5.419044
547,-5.463189
548,-5.522049
549,-5.536764000000001
550,-5.507850315789475
551,-5.363281894736842
552,-5.262084
553,-5.262084
554,-5.244247636363636
555,-5.2264112727272725
556,-5.222844
557,-5.2354008
558,-5.2510968
559,-5.262084
560,-5.2728557647058825
561,-5.303632235294119
562,-5.334408705882353
563,-5.3405640000000005
564,-5.327750938775511
565,-5.311734612244899
566,-5.301324
567,-5.187849639344263
568,-5.046006688524591
569,-4.904163737704918
570,-4.900336229508198
571,-4.990716885245902
572,-5.081097540983607
573,-5.144364
574,-5.109124640625
575,-5.072030578125
576,-5.034936515625
577,-5.025663
578,-5.025663
579,-5.025663
580,-4.986423
581,-4.986423
582,-4.986423
583,-4.986423
584,-5.025663
585,-5.025663
586,-5.025663
587,-5.576004
588,-5.576004
589,-5.576004
590,-5.001048818181818
591,-4.672503
592,-4.672503
593,-4.672503
594,-4.209884052631579
595,-4.123143000000001
596,-4.123143000000001
597,-4.511805857142857
598,-4.633263
599,-4.633263
600,-4.625415
601,-4.515543
602,-4.515543
603,-4.515543
604,-4.686151695652174
605,-4.711743
606,-4.711743
607,-5.056580322580646
608,-5.3405640000000005
609,-5.3405640000000005
610,-5.301324
611,-5.170524
612,-5.144364
613,-5.144364
614,-4.420831909090909
615,-3.887703
616,-3.887703
617,-4.4060634
618,-5.054013900000001
619,-5.183604
620,-5.208757846153846
621,-5.30937323076923
622,-5.379804
623,-5.379804
624,-5.21513288372093
625,-5.032164976744186
626,-4.986423
627,-5.3223828
628,-5.9332188
629,-6.360804
630,-6.360804
631,-5.957192571428571
632,-5.508735428571429
633,-5.419044
634,-5.4959544
635,-5.605826400000001
636,-5.6937240000000005
637,-5.732964000000001
638,-5.804309454545455
639,-5.875654909090909
640,-5.89919890909091
641,-6.084697090909092
642,-6.270195272727273
643,-6.415517045454545
644,-6.724977954545454
645,-7.034438863636364
646,-7.343899772727273
647,-7.421265
648,-7.421265
649,-7.421265
650,-7.303422375
651,-6.478524
652,-6.478524
653,-6.478524
654,-5.9684040000000005
655,-5.9684040000000005
656,-5.9684040000000005
657,-6.557985
658,-6.557985
659,-6.557985
660,-6.612921000000001
661,-6.636465
662,-6.636465
663,-6.636465
664,-6.0468839999999995
665,-6.0468839999999995
666,-6.0468839999999995
667,-6.360804
668,-6.478524
669,-6.478524
670,-6.467822181818182
671,-6.439284
672,-6.439284
673,-6.439284
674,-6.147543130434783
675,-6.086124
676,-6.086124
677,-6.0024120000000005
678,-5.929164000000001
679,-5.929164000000001
680,-5.866380000000001
681,-5.6571
682,-5.615244000000001
683,-5.615244000000001
684,-5.524873090909091
685,-5.458284
686,-5.458284
687,-5.442185538461539
688,-5.422062461538462
689,-5.419044
690,-5.395500000000001
691,-5.31702
692,-5.262084
693,-5.262084
694,-5.396621142857143
695,-5.546106857142857
696,-5.576004
697,-5.586857617021278
698,-5.603555489361703
699,-5.615244000000001
700,-5.611756000000001
701,-5.541996000000001
702,-5.4722360000000005
703,-5.458284
704,-5.458284
705,-5.458284
706,-5.458284
707,-5.379804
708,-5.237113090909092
709,-5.0944221818181825
710,-5.070088285714286
711,-5.112131142857143
712,-5.154174
713,-5.183604
714,-5.349284000000001
715,-5.523684000000001
716,-5.698084000000001
717,-5.732964000000001
718,-5.732964000000001
719,-5.732964000000001
720,-5.301324
721,-5.301324
722,-5.301324
723,-5.301324
724,-5.262084
725,-5.262084
726,-5.262084
727,-5.222844
728,-5.222844
729,-5.222844
730,-5.436880363636364
731,-5.615244000000001
732,-5.615244000000001
733,-5.615244000000001
734,-5.576004
735,-5.576004
736,-5.576004
737,-5.456415428571429
738,-5.419044
739,-5.419044
740,-5.454360000000001
741,-5.536764000000001
742,-5.536764000000001
743,-5.536764000000001
744,-5.536764000000001
745,-5.536764000000001
746,-5.536764000000001
747,-5.650916727272728
748,-5.772204
749,-5.772204
750,-5.759124000000001
751,-5.706804
752,-5.6937240000000005
753,-5.6937240000000005
754,-5.650686580645162
755,-5.615244000000001
756,-5.615244000000001
757,-5.526954000000001
758,-5.4092340000000005
759,-5.379804
760,-5.388065052631579
761,-5.429370315789474
762,-5.458284
763,-5.458284
764,-5.5102998139534884
765,-5.565053302325582
766,-5.576004
767,-5.604780000000001
768,-5.6571
769,-5.6937240000000005
770,-5.694596000000001
771,-5.712036
772,-5.729476000000001
773,-5.732964000000001
774,-5.704829660377359
775,-5.675214566037736
776,-5.654484000000001
777,-5.662332000000001
778,-5.676601090909092
779,-5.690870181818182
780,-5.69515090909091
781,-5.723689090909091
782,-5.752227272727273
783,-5.772204
784,-5.795872571428572
785,-5.820786857142857
786,-5.845701142857144
787,-5.850684000000001
788,-5.850684000000001
789,-5.850684000000001
790,-5.497524
791,-5.497524
792,-5.497524
793,-5.497524
794,-5.497524
795,-5.497524
796,-5.497524
797,-5.654484000000001
798,-5.654484000000001
799,-5.654484000000001
800,-5.595624000000001
801,-5.536764000000001
802,-5.536764000000001
803,-5.536764000000001
804,-5.576004
805,-5.576004
806,-5.576004
807,-5.576004
808,-5.576004
809,-5.576004
810,-5.555351368421054
811,-5.497524
812,-5.497524
813,-5.497524
814,-5.463889714285714
815,-5.458284
816,-5.458284
817,-5.542369714285715
818,-5.654484000000001
819,-5.654484000000001
820,-5.632834344827587
821,-5.524586068965517
822,-5.497524
823,-5.497524
824,-5.58789490909091
825,-5.654484000000001
826,-5.654484000000001
827,-5.623092000000001
828,-5.583852
829,-5.576004
830,-5.576004
831,-5.576004
832,-5.576004
833,-5.576004
834,-5.5577528372093035
835,-5.539501674418605
836,-5.536764000000001
837,-5.536764000000001
838,-5.536764000000001
839,-5.536764000000001
840,-5.536764000000001
841,-5.536764000000001
842,-5.536764000000001
843,-5.536764000000001
844,-5.536764000000001
845,-5.536764000000001
846,-5.536764000000001
847,-5.54691227586207
848,-5.560443310344827
849,-5.573974344827587
850,-5.565179172413794
851,-5.51105503448276
852,-5.456930896551724
853,-5.419044
854,-5.492619000000001
855,-5.566194
856,-5.639769
857,-5.654484000000001
858,-5.654484000000001
859,-5.654484000000001
860,-5.615244000000001
861,-5.615244000000001
862,-5.615244000000001
863,-5.615244000000001
864,-5.497524
865,-5.497524
866,-5.497524
867,-5.536764000000001
868,-5.536764000000001
869,-5.536764000000001
870,-5.563930153846154
871,-5.576004
872,-5.576004
873,-5.576004
874,-5.576004
875,-5.576004
876,-5.576004
877,-5.637961894736842
878,-5.654484000000001
879,-5.654484000000001
880,-5.610884
881,-5.458284
882,-5.458284
883,-5.458284
884,-5.458284
885,-5.458284
886,-5.458284
887,-5.580063310344828
888,-5.6937240000000005
889,-5.6937240000000005
890,-5.638788
891,-5.455668
892,-5.419044
893,-5.419044
894,-5.441636727272727
895,-5.458284
896,-5.458284
897,-5.488468615384615
898,-5.528714769230769
899,-5.536764000000001
900,-5.538944000000001
901,-5.560744000000001
902,-5.576004
903,-5.576004
904,-5.525170363636364
905,-5.471661272727273
906,-5.458284
907,-5.437356
908,-5.402476000000001
909,-5.379804
910,-5.398639200000001
911,-5.4614232000000005
912,-5.524207200000001
913,-5.536764000000001
914,-5.586991200000001
915,-5.6497752000000006
916,-5.6937240000000005
917,-5.633866372881356
918,-5.554056203389831
919,-5.474246033898305
920,-5.454153473684211
921,-5.4266166315789475
922,-5.399079789473684
923,-5.379804
924,-5.453379000000001
925,-5.526954000000001
926,-5.600529
927,-5.615244000000001
928,-5.615244000000001
929,-5.615244000000001
930,-5.615244000000001
931,-5.615244000000001
932,-5.615244000000001
933,-5.615244000000001
934,-5.536764000000001
935,-5.536764000000001
936,-5.536764000000001
937,-5.654484000000001
938,-5.654484000000001
939,-5.654484000000001
940,-5.523684000000001
941,-5.458284
942,-5.458284
943,-5.458284
944,-5.536764000000001
945,-5.536764000000001
946,-5.536764000000001
947,-5.508735428571429
948,-5.497524
949,-5.497524
950,-5.506244000000001
951,-5.536764000000001
952,-5.536764000000001
953,-5.536764000000001
954,-5.600974909090909
955,-5.615244000000001
956,-5.615244000000001
957,-5.43257503448276
958,-5.262084
959,-5.262084
960,-5.275164
961,-5.327484000000001
962,-5.3405640000000005
963,-5.3405640000000005
964,-5.408917548387097
965,-5.458284
966,-5.458284
967,-5.518653230769232
968,-5.599145538461539
969,-5.615244000000001
970,-5.5910963076923075
971,-5.4703578461538465
972,-5.379804
973,-5.379804
974,-5.396748545454545
975,-5.414584909090909
976,-5.419044
977,-5.427257023255814
978,-5.445508186046513
979,-5.458284
980,-5.4565399999999995
981,-5.42166
982,-5.38678
983,-5.379804
984,-5.4786888000000005
985,-5.619952800000001
986,-5.732964000000001
987,-5.682512571428572
988,-5.598426857142858
989,-5.514341142857143
990,-5.489405379310345
991,-5.448812275862069
992,-5.408219172413793
993,-5.379804
994,-5.488468615384615
995,-5.597133230769232
996,-5.705797846153847
997,-5.732964000000001
998,-5.732964000000001
999,-5.732964000000001
1000,-5.576004
1001,-5.576004
1002,-5.576004
1003,-5.576004
1004,-5.576004
1005,-5.536764000000001
1006,-5.536764000000001
1007,-5.419044
1008,-5.419044
1009,-5.419044
1010,-5.438664
1011,-5.458284
1012,-5.458284
1013,-5.458284
1014,-5.497524
1015,-5.497524
1016,-5.497524
1017,-5.4045871578947375
1018,-5.379804
1019,-5.379804
1020,-5.412848210526316
1021,-5.536764000000001
1022,-5.536764000000001
1023,-5.536764000000001
1024,-5.511107076923078
1025,-5.497524
1026,-5.497524
1027,-5.479802709677419
1028,-5.458284
1029,-5.458284
1030,-5.469108827586207
1031,-5.523232965517241
1032,-5.536764000000001
1033,-5.536764000000001
1034,-5.494908000000001
1035,-5.458284
1036,-5.458284
1037,-5.4431916923076935
1038,-5.423068615384615
1039,-5.419044
1040,-5.436702
1041,-5.4955620000000005
1042,-5.536764000000001
1043,-5.536764000000001
1044,-5.502309365853659
1045,-5.464026439024391
1046,-5.458284
1047,-5.458284
1048,-5.458284
1049,-5.458284
1050,-5.469055764705883
1051,-5.499832235294119
1052,-5.530608705882353
1053,-5.536764000000001
1054,-5.536764000000001
1055,-5.536764000000001
1056,-5.536764000000001
1057,-5.555707448275863
1058,-5.58276951724138
1059,-5.609831586206897
1060,-5.59529145762712
1061,-5.515481288135593
1062,-5.435671118644068
1063,-5.379804
1064,-5.416591500000001
1065,-5.453379000000001
1066,-5.4901665
1067,-5.497524
1068,-5.497524
1069,-5.497524
1070,-5.6937240000000005
1071,-5.6937240000000005
1072,-5.6937240000000005
1073,-5.6937240000000005
1074,-5.654484000000001
1075,-5.654484000000001
1076,-5.654484000000001
1077,-5.379804
1078,-5.379804
1079,-5.379804
1080,-5.526954000000001
1081,-5.615244000000001
1082,-5.615244000000001
1083,-5.615244000000001
1084,-5.6937240000000005
1085,-5.6937240000000005
1086,-5.6937240000000005
1087,-5.724244
1088,-5.732964000000001
1089,-5.732964000000001
1090,-5.732964000000001
1091,-5.732964000000001
1092,-5.732964000000001
1093,-5.732964000000001
1094,-5.895042260869565
1095,-5.929164000000001
1096,-5.929164000000001
1097,-5.909544
1098,-5.889924000000001
1099,-5.889924000000001
1100,-5.896689517241381
1101,-5.9237515862068975
1102,-5.929164000000001
1103,-5.929164000000001
1104,-6.105744
1105,-6.243084
1106,-6.243084
1107,-6.1223455384615395
1108,-5.961360923076924
1109,-5.6834874782608695
1110,-5.576004
1111,-5.587946608695653
1112,-5.707372695652174
1113,-5.826798782608696
1114,-5.850684000000001
1115,-5.857383512195122
1116,-5.876524975609756
1117,-5.889924000000001
1118,-5.925596727272728
1119,-5.9969421818181825
1120,-6.068287636363636
1121,-6.086124
1122,-5.9774593846153845
1123,-5.8567209230769235
1124,-5.772204
1125,-5.840557548387098
1126,-5.916505935483872
1127,-5.992454322580646
1128,-6.007644000000001
1129,-6.007644000000001
1130,-6.007644000000001
1131,-5.850684000000001
1132,-5.850684000000001
1133,-5.850684000000001
1134,-5.850684000000001
1135,-5.654484000000001
1136,-5.654484000000001
1137,-5.654484000000001
1138,-5.889924000000001
1139,-5.889924000000001
1140,-5.889924000000001
1141,-5.801634000000001
1142,-5.654484000000001
1143,-5.654484000000001
1144,-5.654484000000001
1145,-5.6937240000000005
1146,-5.6937240000000005
1147,-5.6937240000000005
1148,-5.6937240000000005
1149,-5.6937240000000005
1150,-5.6937240000000005
1151,-5.680644000000001
1152,-5.615244000000001
1153,-5.615244000000001
1154,-5.615244000000001
1155,-5.772204
1156,-5.811444000000001
1157,-5.811444000000001
1158,-5.726424000000001
1159,-5.615244000000001
1160,-5.615244000000001
1161,-5.615244000000001
1162,-5.615244000000001
1163,-5.615244000000001
1164,-5.615244000000001
1165,-5.719884000000001
1166,-5.811444000000001
1167,-5.811444000000001
1168,-5.824868210526317
1169,-5.845520842105263
1170,-5.850684000000001
1171,-5.844144
1172,-5.778744000000001
1173,-5.732964000000001
1174,-5.732964000000001
1175,-5.702779384615385
1176,-5.662533230769232
1177,-5.654484000000001
1178,-5.613537913043479
1179,-5.545294434782609
1180,-5.497524
1181,-5.500936173913043
1182,-5.535057913043479
1183,-5.569179652173913
1184,-5.576004
1185,-5.6089656
1186,-5.656053600000001
1187,-5.6937240000000005
1188,-5.685315428571429
1189,-5.671301142857143
1190,-5.657286857142858
1191,-5.649071586206897
1192,-5.62200951724138
1193,-5.594947448275863
1194,-5.576004
1195,-5.554132524590164
1196,-5.528401377049181
1197,-5.5026702295081975
1198,-5.540331272727273
1199,-5.611676727272728
1200,-5.683022181818182
1201,-5.732964000000001
1202,-5.732964000000001
1203,-5.732964000000001
1204,-5.732964000000001
1205,-5.615244000000001
1206,-5.615244000000001
1207,-5.615244000000001
1208,-5.615244000000001
1209,-5.615244000000001
1210,-5.615244000000001
1211,-5.629959000000001
1212,-5.654484000000001
1213,-5.654484000000001
1214,-5.654484000000001
1215,-5.536764000000001
1216,-5.536764000000001
1217,-5.536764000000001
1218,-5.730655764705882
1219,-5.811444000000001
1220,-5.811444000000001
1221,-5.801634000000001
1222,-5.732964000000001
1223,-5.732964000000001
1224,-5.732964000000001
1225,-5.671924000000001
1226,-5.654484000000001
1227,-5.654484000000001
1228,-5.685315428571429
1229,-5.732964000000001
1230,-5.732964000000001
1231,-5.732964000000001
1232,-5.732964000000001
1233,-5.732964000000001
1234,-5.732964000000001
1235,-5.732964000000001
1236,-5.732964000000001
1237,-5.732964000000001
1238,-5.6675640000000005
1239,-5.5585640000000005
1240,-5.536764000000001
1241,-5.541124000000001
1242,-5.584724000000001
1243,-5.615244000000001
1244,-5.615244000000001
1245,-5.644674
1246,-5.683914000000001
1247,-5.6937240000000005
1248,-5.6732509565217395
1249,-5.6391292173913055
1250,-5.615244000000001
1251,-5.613537913043479
1252,-5.596477043478262
1253,-5.579416173913043
1254,-5.576004
1255,-5.624052979591838
1256,-5.688118285714286
1257,-5.732964000000001
1258,-5.707738285714287
1259,-5.6656954285714285
1260,-5.623652571428572
1261,-5.618046857142858
1262,-5.646075428571429
1263,-5.674104000000001
1264,-5.6937240000000005
1265,-5.649981049180329
1266,-5.598518754098361
1267,-5.547056459016393
1268,-5.556685846153847
1269,-5.592907384615385
1270,-5.629128923076923
1271,-5.654484000000001
1272,-5.654484000000001
1273,-5.654484000000001
1274,-5.654484000000001
1275,-5.654484000000001
1276,-5.654484000000001
1277,-5.654484000000001
1278,-5.732964000000001
1279,-5.732964000000001
1280,-5.732964000000001
1281,-5.740812000000001
1282,-5.772204
1283,-5.772204
1284,-5.772204
1285,-5.576004
1286,-5.576004
1287,-5.576004
1288,-5.576004
1289,-5.576004
1290,-5.576004
1291,-5.608319294117647
1292,-5.850684000000001
1293,-5.850684000000001
1294,-5.850684000000001
1295,-5.752584000000001
1296,-5.732964000000001
1297,-5.732964000000001
1298,-5.714853230769232
1299,-5.6937240000000005
1300,-5.6937240000000005
1301,-5.6937240000000005
1302,-5.6937240000000005
1303,-5.6937240000000005
1304,-5.6937240000000005
1305,-5.713344
1306,-5.732964000000001
1307,-5.732964000000001
1308,-5.6937240000000005
1309,-5.628324
1310,-5.615244000000001
1311,-5.619728571428571
1312,-5.709420000000001
1313,-5.772204
1314,-5.772204
1315,-5.6937240000000005
1316,-5.595624000000001
1317,-5.576004
1318,-5.546574000000001
1319,-5.493064909090909
1320,-5.458284
1321,-5.471932695652174
1322,-5.608419652173913
1323,-5.744906608695653
1324,-5.772204
1325,-5.783293565217392
1326,-5.8003544347826095
1327,-5.811444000000001
1328,-5.779470666666667
1329,-5.721337333333334
1330,-5.663204000000001
1331,-5.657337818181819
1332,-5.685876
1333,-5.714414181818182
1334,-5.732964000000001
1335,-5.806212
1336,-5.897772000000001
1337,-5.989332000000001
1338,-6.007644000000001
1339,-6.007644000000001
1340,-6.007644000000001
1341,-6.007644000000001
1342,-6.007644000000001
1343,-6.007644000000001
1344,-6.007644000000001
1345,-5.654484000000001
1346,-5.654484000000001
1347,-5.654484000000001
1348,-5.9684040000000005
1349,-5.9684040000000005
1350,-5.9684040000000005
1351,-5.9684040000000005
1352,-5.9684040000000005
1353,-5.9684040000000005
1354,-5.9684040000000005
1355,-5.929164000000001
1356,-5.929164000000001
1357,-5.929164000000001
1358,-5.870304000000001
1359,-5.850684000000001
1360,-5.850684000000001
1361,-5.8559160000000015
1362,-5.929164000000001
1363,-5.929164000000001
1364,-5.929164000000001
1365,-5.867206105263159
1366,-5.850684000000001
1367,-5.850684000000001
1368,-5.8332440000000005
1369,-5.811444000000001
1370,-5.811444000000001
1371,-5.811444000000001
1372,-5.844144
1373,-5.850684000000001
1374,-5.850684000000001
1375,-5.8303874482758635
1376,-5.811444000000001
1377,-5.811444000000001
1378,-5.845078285714287
1379,-5.912346857142858
1380,-5.929164000000001
1381,-5.926921714285715
1382,-5.8820760000000005
1383,-5.850684000000001
1384,-5.850684000000001
1385,-5.837259789473685
1386,-5.816607157894738
1387,-5.811444000000001
1388,-5.849812
1389,-5.919572000000001
1390,-5.9684040000000005
1391,-5.970110086956522
1392,-5.98717095652174
1393,-6.004231826086958
1394,-6.007644000000001
1395,-5.9847540000000015
1396,-5.952054
1397,-5.929164000000001
1398,-5.897772000000001
1399,-5.8406956363636375
1400,-5.7836192727272735
1401,-5.776484727272728
1402,-5.862099272727273
1403,-5.9477138181818185
1404,-6.007644000000001
1405,-5.9684040000000005
1406,-5.9160840000000015
1407,-5.863764000000001
1408,-5.838421500000001
1409,-5.8138965
1410,-5.789371500000001
1411,-5.772204
1412,-5.772204
1413,-5.772204
1414,-5.772204
1415,-5.850684000000001
1416,-5.850684000000001
1417,-5.850684000000001
1418,-5.811444000000001
1419,-5.811444000000001
1420,-5.811444000000001
1421,-5.811444000000001
1422,-5.6937240000000005
1423,-5.6937240000000005
1424,-5.6937240000000005
1425,-5.772204
1426,-5.772204
1427,-5.772204
1428,-5.822655428571429
1429,-5.850684000000001
1430,-5.850684000000001
1431,-5.850684000000001
1432,-6.0468839999999995
1433,-6.0468839999999995
1434,-6.0468839999999995
1435,-5.626785176470588
1436,-5.497524
1437,-5.497524
1438,-5.609430666666667
1439,-5.772204
1440,-5.772204
1441,-5.778240923076924
1442,-5.838610153846155
1443,-5.850684000000001
1444,-5.850684000000001
1445,-5.929164000000001
1446,-6.007644000000001
1447,-6.007644000000001
1448,-6.030066857142858
1449,-6.074912571428571
1450,-6.086124
1451,-6.078276
1452,-5.921316000000001
1453,-5.811444000000001
1454,-5.811444000000001
1455,-5.839616307692308
1456,-5.879862461538462
1457,-5.889924000000001
1458,-5.8707400000000005
1459,-5.83586
1460,-5.811444000000001
1461,-5.816676000000001
1462,-5.921316000000001
1463,-6.025956
1464,-6.0468839999999995
1465,-5.955324
1466,-5.824524
1467,-5.732964000000001
1468,-5.795748000000001
1469,-5.909900727272728
1470,-6.024053454545454
1471,-6.041889818181818
1472,-5.942006181818182
1473,-5.842122545454546
1474,-5.772204
1475,-5.6937240000000005
1476,-5.589084
1477,-5.484444000000001
1478,-5.51346525
1479,-5.62382775
1480,-5.734190250000001
1481,-5.811444000000001
1482,-5.811444000000001
1483,-5.811444000000001
1484,-5.811444000000001
1485,-6.007644000000001
1486,-6.007644000000001
1487,-6.007644000000001
1488,-6.086124
1489,-6.086124
1490,-6.086124
1491,-6.071854909090908
1492,-5.929164000000001
1493,-5.929164000000001
1494,-5.929164000000001
1495,-5.889924000000001
1496,-5.889924000000001
1497,-5.889924000000001
1498,-5.974009714285715
1499,-6.007644000000001
1500,-6.007644000000001
1501,-6.007644000000001
1502,-5.922029454545456
1503,-5.889924000000001
1504,-5.889924000000001
1505,-5.940936000000001
1506,-5.9684040000000005
1507,-5.9684040000000005
1508,-5.86879476923077
1509,-5.732964000000001
1510,-5.732964000000001
1511,-5.732964000000001
1512,-5.732964000000001
1513,-5.732964000000001
1514,-5.732964000000001
1515,-5.732964000000001
1516,-5.732964000000001
1517,-5.732964000000001
1518,-5.80695942857143
1519,-5.941496571428572
1520,-5.9684040000000005
1521,-5.956012421052632
1522,-5.894054526315791
1523,-5.850684000000001
1524,-5.850684000000001
1525,-5.789021142857143
1526,-5.676906857142858
1527,-5.654484000000001
1528,-5.672320363636365
1529,-5.707993090909092
1530,-5.732964000000001
1531,-5.732964000000001
1532,-5.7503026046511625
1533,-5.768553767441861
1534,-5.772204
1535,-5.829429000000001
1536,-5.911179000000001
1537,-5.9684040000000005
1538,-5.946604000000001
1539,-5.903004
1540,-5.859404000000001
1541,-5.849230666666668
1542,-5.820164000000001
1543,-5.791097333333334
1544,-5.772204
1545,-5.8320616271186445
1546,-5.91187179661017
1547,-5.991681966101695
1548,-5.9156752500000005
1549,-5.73173775
1550,-5.547800250000001
1551,-5.419044
1552,-5.419044
1553,-5.419044
1554,-5.419044
1555,-5.929164000000001
1556,-5.929164000000001
1557,-5.929164000000001
1558,-5.850684000000001
1559,-5.850684000000001
1560,-5.850684000000001
1561,-5.8742280000000004
1562,-5.9684040000000005
1563,-5.9684040000000005
1564,-5.9684040000000005
1565,-5.932182461538463
1566,-5.929164000000001
1567,-5.929164000000001
1568,-5.845078285714287
1569,-5.811444000000001
1570,-5.811444000000001
1571,-5.811444000000001
1572,-5.732964000000001
1573,-5.732964000000001
1574,-5.732964000000001
1575,-5.701198285714286
1576,-5.6937240000000005
1577,-5.6937240000000005
1578,-5.666557846153847
1579,-5.615244000000001
1580,-5.615244000000001
1581,-5.615244000000001
1582,-5.67877542857143
1583,-5.6937240000000005
1584,-5.6937240000000005
1585,-5.599257333333334
1586,-5.497524
1587,-5.497524
1588,-5.555229882352942
1589,-5.670641647058824
1590,-5.6937240000000005
1591,-5.6937240000000005
1592,-5.809135764705882
1593,-5.889924000000001
1594,-5.889924000000001
1595,-5.7980449756097565
1596,-5.683196195121952
1597,-5.654484000000001
1598,-5.661958285714286
1599,-5.680644000000001
1600,-5.6937240000000005
1601,-5.6937240000000005
1602,-5.6590467906976745
1603,-5.622544465116279
1604,-5.615244000000001
1605,-5.636951234042553
1606,-5.670346978723405
1607,-5.6937240000000005
1608,-5.727040981132076
1609,-5.8010787169811335
1610,-5.87511645283019
1611,-5.889924000000001
1612,-5.918990666666668
1613,-5.948057333333334
1614,-5.9684040000000005
1615,-5.951586857142859
1616,-5.923558285714287
1617,-5.895529714285715
1618,-5.8338668571428585
1619,-5.709295428571429
1620,-5.584724000000001
1621,-5.497524
1622,-5.522049
1623,-5.546574000000001
1624,-5.571099000000001
1625,-5.632061142857143
1626,-5.756632571428572
1627,-5.881204
1628,-5.9684040000000005
1629,-5.9684040000000005
1630,-5.9684040000000005
1631,-5.9684040000000005
1632,-5.889924000000001
1633,-5.889924000000001
1634,-5.889924000000001
1635,-5.732964000000001
1636,-5.732964000000001
1637,-5.732964000000001
1638,-5.758189714285715
1639,-5.772204
1640,-5.772204
1641,-5.772204
1642,-5.811444000000001
1643,-5.811444000000001
1644,-5.811444000000001
1645,-6.017454
1646,-6.086124
1647,-6.086124
1648,-5.9774593846153845
1649,-5.772204
1650,-5.772204
1651,-5.772204
1652,-5.772204
1653,-5.772204
1654,-5.772204
1655,-5.7178716923076935
1656,-5.654484000000001
1657,-5.654484000000001
1658,-5.67525811764706
1659,-5.721422823529412
1660,-5.732964000000001
1661,-5.732964000000001
1662,-5.800742181818182
1663,-5.850684000000001
1664,-5.850684000000001
1665,-5.811444000000001
1666,-5.746044
1667,-5.732964000000001
1668,-5.7254897142857155
1669,-5.706804
1670,-5.6937240000000005
1671,-5.6937240000000005
1672,-5.739788347826088
1673,-5.790970956521739
1674,-5.811444000000001
1675,-5.8045925714285715
1676,-5.792135428571429
1677,-5.7796782857142865
1678,-5.764689957446809
1679,-5.7145963404255316
1680,-5.664502723404256
1681,-5.654484000000001
1682,-5.722399384615385
1683,-5.797860923076923
1684,-5.850684000000001
1685,-5.819292000000001
1686,-5.762215636363637
1687,-5.705139272727274
1688,-5.699329714285715
1689,-5.711786857142858
1690,-5.724244
1691,-5.732964000000001
1692,-5.757489
1693,-5.782014
1694,-5.806539000000001
1695,-5.811444000000001
1696,-5.811444000000001
1697,-5.811444000000001
1698,-6.0468839999999995
1699,-6.0468839999999995
1700,-6.0468839999999995
1701,-6.0468839999999995
1702,-5.6937240000000005
1703,-5.6937240000000005
1704,-5.6937240000000005
1705,-5.6937240000000005
1706,-5.6937240000000005
1707,-5.6937240000000005
1708,-5.7178716923076935
1709,-5.732964000000001
1710,-5.732964000000001
1711,-5.732964000000001
1712,-5.811444000000001
1713,-5.811444000000001
1714,-5.811444000000001
1715,-5.6937240000000005
1716,-5.654484000000001
1717,-5.654484000000001
1718,-5.681781391304348
1719,-5.732964000000001
1720,-5.732964000000001
1721,-5.732964000000001
1722,-5.765069454545456
1723,-5.772204
1724,-5.772204
1725,-5.772204
1726,-5.772204
1727,-5.772204
1728,-5.752584000000001
1729,-5.703534
1730,-5.6937240000000005
1731,-5.6937240000000005
1732,-5.6937240000000005
1733,-5.6937240000000005
1734,-5.6937240000000005
1735,-5.615244000000001
1736,-5.484444000000001
1737,-5.458284
1738,-5.518078285714287
1739,-5.6675640000000005
1740,-5.772204
1741,-5.772204
1742,-5.825458285714286
1743,-5.881515428571429
1744,-5.889924000000001
1745,-5.8465095319148945
1746,-5.779718042553192
1747,-5.732964000000001
1748,-5.738349882352942
1749,-5.7537381176470594
1750,-5.769126352941178
1751,-5.772204
1752,-5.785284
1753,-5.800672235294118
1754,-5.811444000000001
1755,-5.811444000000001
1756,-5.811444000000001
1757,-5.811444000000001
1758,-5.789021142857143
1759,-5.739192571428572
1760,-5.689364
1761,-5.654484000000001
1762,-5.701821142857144
1763,-5.751649714285715
1764,-5.801478285714286
1765,-5.811444000000001
1766,-5.811444000000001
1767,-5.811444000000001
1768,-5.850684000000001
1769,-5.850684000000001
1770,-5.850684000000001
1771,-5.850684000000001
1772,-5.732964000000001
1773,-5.732964000000001
1774,-5.732964000000001
1775,-5.811444000000001
1776,-5.811444000000001
1777,-5.811444000000001
1778,-5.83641490909091
1779,-5.850684000000001
1780,-5.850684000000001
1781,-5.850684000000001
1782,-5.732964000000001
1783,-5.732964000000001
1784,-5.732964000000001
1785,-5.760992571428573
1786,-5.772204
1787,-5.772204
1788,-5.758555304347826
1789,-5.732964000000001
1790,-5.732964000000001
1791,-5.732964000000001
1792,-5.765069454545456
1793,-5.772204
1794,-5.772204
1795,-5.787900000000001
1796,-5.811444000000001
1797,-5.811444000000001
1798,-5.79372270967742
1799,-5.743090451612904
1800,-5.732964000000001
1801,-5.732964000000001
1802,-5.752584000000001
1803,-5.772204
1804,-5.772204
1805,-5.780052
1806,-5.806212
1807,-5.811444000000001
1808,-5.803969714285715
1809,-5.785284
1810,-5.772204
1811,-5.772204
1812,-5.755386857142859
1813,-5.736701142857143
1814,-5.732964000000001
1815,-5.753437043478262
1816,-5.787558782608696
1817,-5.811444000000001
1818,-5.806058117647059
1819,-5.790669882352941
1820,-5.775281647058824
1821,-5.772204
1822,-5.7470904
1823,-5.715698400000001
1824,-5.6937240000000005
1825,-5.702132571428573
1826,-5.716146857142858
1827,-5.730161142857143
1828,-5.732964000000001
1829,-5.732964000000001
1830,-5.732964000000001
1831,-5.732964000000001
1832,-5.755748516129033
1833,-5.781064645161291
1834,-5.806380774193549
1835,-5.811444000000001
1836,-5.811444000000001
1837,-5.811444000000001
1838,-6.086124
1839,-6.086124
1840,-6.086124
1841,-6.086124
1842,-5.9684040000000005
1843,-5.9684040000000005
1844,-5.9684040000000005
1845,-5.576004
1846,-5.576004
1847,-5.576004
1848,-5.634864
1849,-5.6937240000000005
1850,-5.6937240000000005
1851,-5.6937240000000005
1852,-5.811444000000001
1853,-5.811444000000001
1854,-5.811444000000001
1855,-5.929164000000001
1856,-6.0468839999999995
1857,-6.0468839999999995
1858,-6.012004
1859,-5.929164000000001
1860,-5.929164000000001
1861,-5.929164000000001
1862,-5.834988
1863,-5.811444000000001
1864,-5.811444000000001
1865,-5.842836
1866,-5.889924000000001
1867,-5.889924000000001
1868,-5.889924000000001
1869,-5.889924000000001
1870,-5.889924000000001
1871,-5.889924000000001
1872,-5.9506827096774195
1873,-6.007644000000001
1874,-6.007644000000001
1875,-5.999796000000001
1876,-5.973636000000002
1877,-5.9684040000000005
1878,-5.944860000000001
1879,-5.866380000000001
1880,-5.811444000000001
1881,-5.811444000000001
1882,-5.826536307692308
1883,-5.846659384615386
1884,-5.850684000000001
1885,-5.837908186046513
1886,-5.801405860465117
1887,-5.772204
1888,-5.782975764705883
1889,-5.813752235294118
1890,-5.844528705882353
1891,-5.850684000000001
1892,-5.877850153846154
1893,-5.9080347692307695
1894,-5.929164000000001
1895,-5.937012000000001
1896,-5.9512810909090925
1897,-5.965550181818182
1898,-5.952708
1899,-5.900388
1900,-5.848068000000001
1901,-5.811444000000001
1902,-5.789572524590165
1903,-5.763841377049181
1904,-5.738110229508198
1905,-5.732964000000001
1906,-5.732964000000001
1907,-5.732964000000001
1908,-5.811444000000001
1909,-5.811444000000001
1910,-5.811444000000001
1911,-5.811444000000001
1912,-5.811444000000001
1913,-5.811444000000001
1914,-5.811444000000001
1915,-5.772204
1916,-5.772204
1917,-5.772204
1918,-5.789021142857143
1919,-5.811444000000001
1920,-5.811444000000001
1921,-5.811444000000001
1922,-5.811444000000001
1923,-5.811444000000001
1924,-5.811444000000001
1925,-5.785284
1926,-5.772204
1927,-5.772204
1928,-5.744175428571429
1929,-5.654484000000001
1930,-5.654484000000001
1931,-5.654484000000001
1932,-5.7164418947368425
1933,-5.732964000000001
1934,-5.732964000000001
1935,-5.732964000000001
1936,-5.732964000000001
1937,-5.732964000000001
1938,-5.772204
1939,-5.903004
1940,-5.929164000000001
1941,-5.929164000000001
1942,-5.821570451612904
1943,-5.732964000000001
1944,-5.732964000000001
1945,-5.690156727272728
1946,-5.595029454545455
1947,-5.576004
1948,-5.593662000000001
1949,-5.652522000000001
1950,-5.6937240000000005
1951,-5.6937240000000005
1952,-5.751551368421054
1953,-5.834161894736842
1954,-5.850684000000001
1955,-5.830585463414635
1956,-5.773161073170733
1957,-5.732964000000001
1958,-5.7423816
1959,-5.773773600000001
1960,-5.8051656000000005
1961,-5.811444000000001
1962,-5.811444000000001
1963,-5.811444000000001
1964,-5.811444000000001
1965,-5.818710666666667
1966,-5.8332440000000005
1967,-5.847777333333333
1968,-5.830731457627119
1969,-5.750921288135594
1970,-5.671111118644068
1971,-5.615244000000001
1972,-5.6571
1973,-5.709420000000001
1974,-5.7617400000000005
1975,-5.772204
1976,-5.772204
1977,-5.772204
1978,-5.772204
1979,-5.772204
1980,-5.772204
1981,-5.772204
1982,-5.6937240000000005
1983,-5.6937240000000005
1984,-5.6937240000000005
1985,-5.6937240000000005
1986,-5.6937240000000005
1987,-5.6937240000000005
1988,-5.732964000000001
1989,-5.772204
1990,-5.772204
1991,-5.772204
1992,-5.850684000000001
1993,-5.850684000000001
1994,-5.850684000000001
1995,-5.769185538461539
1996,-5.732964000000001
1997,-5.732964000000001
1998,-5.747497333333334
1999,-5.8056306666666675
2000,-5.811444000000001
2001,-5.811444000000001
2002,-5.7623940000000005
2003,-5.732964000000001
2004,-5.732964000000001
2005,-5.760261391304349
2006,-5.811444000000001
2007,-5.811444000000001
2008,-5.82497503448276
2009,-5.8790991724137935
2010,-5.889924000000001
2011,-5.889924000000001
2012,-5.850684000000001
2013,-5.811444000000001
2014,-5.811444000000001
2015,-5.805114967741936
2016,-5.779798838709678
2017,-5.772204
2018,-5.772204
2019,-5.772204
2020,-5.772204
2021,-5.772204
2022,-5.785628210526316
2023,-5.806280842105264
2024,-5.811444000000001
2025,-5.811444000000001
2026,-5.811444000000001
2027,-5.811444000000001
2028,-5.801634000000001
2029,-5.752584000000001
2030,-5.703534
2031,-5.6937240000000005
2032,-5.724433565217391
2033,-5.775616173913043
2034,-5.811444000000001
2035,-5.799597962264151
2036,-5.769982867924529
2037,-5.740367773584906
2038,-5.722815724137932
2039,-5.6822226206896564
2040,-5.64162951724138
2041,-5.615244000000001
2042,-5.658986950819672
2043,-5.71044924590164
2044,-5.761911540983608
2045,-5.772204
2046,-5.772204
2047,-5.772204
2048,-5.772204
2049,-5.772204
2050,-5.772204
2051,-5.772204
2052,-5.732964000000001
2053,-5.732964000000001
2054,-5.732964000000001
2055,-5.772204
2056,-5.772204
2057,-5.772204
2058,-5.815804000000001
2059,-5.850684000000001
2060,-5.850684000000001
2061,-5.850684000000001
2062,-5.850684000000001
2063,-5.850684000000001
2064,-5.850684000000001
2065,-5.7623940000000005
2066,-5.732964000000001
2067,-5.732964000000001
2068,-5.732964000000001
2069,-5.732964000000001
2070,-5.732964000000001
2071,-5.732964000000001
2072,-5.794004000000001
2073,-5.811444000000001
2074,-5.811444000000001
2075,-5.740098545454545
2076,-5.615244000000001
2077,-5.615244000000001
2078,-5.620849714285715
2079,-5.648878285714287
2080,-5.654484000000001
2081,-5.654484000000001
2082,-5.713344
2083,-5.772204
2084,-5.772204
2085,-5.782014
2086,-5.806539000000001
2087,-5.811444000000001
2088,-5.811444000000001
2089,-5.811444000000001
2090,-5.811444000000001
2091,-5.811444000000001
2092,-5.764356
2093,-5.705496
2094,-5.6937240000000005
2095,-5.726576093023256
2096,-5.799580744186048
2097,-5.850684000000001
2098,-5.857224000000001
2099,-5.889924000000001
2100,-5.922624000000001
2101,-5.929164000000001
2102,-5.89845443478261
2103,-5.847271826086957
2104,-5.811444000000001
2105,-5.804780603773586
2106,-5.789973056603775
2107,-5.775165509433963
2108,-5.7522514576271195
2109,-5.672441288135594
2110,-5.592631118644068
2111,-5.536764000000001
2112,-5.620476000000001
2113,-5.725116000000001
2114,-5.829756000000001
2115,-5.850684000000001
2116,-5.850684000000001
2117,-5.850684000000001
2118,-5.850684000000001
2119,-5.850684000000001
2120,-5.850684000000001
2121,-5.850684000000001
2122,-5.811444000000001
2123,-5.811444000000001
2124,-5.811444000000001
2125,-5.6937240000000005
2126,-5.6937240000000005
2127,-5.6937240000000005
2128,-5.7778097142857145
2129,-5.889924000000001
2130,-5.889924000000001
2131,-5.889924000000001
2132,-5.811444000000001
2133,-5.811444000000001
2134,-5.811444000000001
2135,-5.764356
2136,-5.732964000000001
2137,-5.732964000000001
2138,-5.759124000000001
2139,-5.850684000000001
2140,-5.850684000000001
2141,-5.850684000000001
2142,-5.850684000000001
2143,-5.850684000000001
2144,-5.850684000000001
2145,-5.798364000000001
2146,-5.6937240000000005
2147,-5.6937240000000005
2148,-5.6937240000000005
2149,-5.6937240000000005
2150,-5.6937240000000005
2151,-5.6937240000000005
2152,-5.713344
2153,-5.732964000000001
2154,-5.732964000000001
2155,-5.711560363636364
2156,-5.6402149090909095
2157,-5.615244000000001
2158,-5.623964000000001
2159,-5.711164
2160,-5.772204
2161,-5.772204
2162,-5.759124000000001
2163,-5.737324000000001
2164,-5.732964000000001
2165,-5.73799476923077
2166,-5.758117846153847
2167,-5.772204
2168,-5.772204
2169,-5.772204
2170,-5.772204
2171,-5.772204
2172,-5.783057617021278
2173,-5.799755489361703
2174,-5.811444000000001
2175,-5.806058117647059
2176,-5.790669882352941
2177,-5.775281647058824
2178,-5.772204
2179,-5.732964000000001
2180,-5.686799294117647
2181,-5.654484000000001
2182,-5.6776963943661976
2183,-5.710856957746479
2184,-5.744017521126761
2185,-5.772204
2186,-5.788554000000001
2187,-5.897554
2188,-5.9684040000000005
2189,-5.9684040000000005
2190,-5.9684040000000005
2191,-5.9684040000000005
2192,-5.850684000000001
2193,-5.850684000000001
2194,-5.850684000000001
2195,-5.6937240000000005
2196,-5.6937240000000005
2197,-5.6937240000000005
2198,-5.710541142857143
2199,-5.732964000000001
2200,-5.732964000000001
2201,-5.732964000000001
2202,-5.889924000000001
2203,-5.889924000000001
2204,-5.889924000000001
2205,-5.864953090909092
2206,-5.850684000000001
2207,-5.850684000000001
2208,-5.8601016
2209,-5.922885600000001
2210,-5.929164000000001
2211,-5.929164000000001
2212,-5.801634000000001
2213,-5.732964000000001
2214,-5.732964000000001
2215,-5.768280000000001
2216,-5.850684000000001
2217,-5.850684000000001
2218,-5.855044000000001
2219,-5.884110666666667
2220,-5.889924000000001
2221,-5.889924000000001
2222,-5.927710666666668
2223,-5.9684040000000005
2224,-5.9684040000000005
2225,-5.925596727272728
2226,-5.78290581818182
2227,-5.732964000000001
2228,-5.736327428571428
2229,-5.803596000000001
2230,-5.850684000000001
2231,-5.850684000000001
2232,-5.821254000000001
2233,-5.7476790000000015
2234,-5.732964000000001
2235,-5.736792292682927
2236,-5.755933756097561
2237,-5.772204
2238,-5.772204
2239,-5.803596000000001
2240,-5.842836
2241,-5.850684000000001
2242,-5.850684000000001
2243,-5.850684000000001
2244,-5.850684000000001
2245,-5.877613411764706
2246,-5.954554588235294
2247,-6.031495764705882
2248,-6.0468839999999995
2249,-5.9589864
2250,-5.8491144
2251,-5.772204
2252,-5.750660470588236
2253,-5.689107529411765
2254,-5.627554588235294
2255,-5.615244000000001
2256,-5.746044
2257,-5.876844000000001
2258,-5.9684040000000005
2259,-5.9684040000000005
2260,-5.9684040000000005
2261,-5.9684040000000005
2262,-5.9684040000000005
2263,-5.9684040000000005
2264,-5.9684040000000005
2265,-5.9684040000000005
2266,-5.929164000000001
2267,-5.929164000000001
2268,-5.850684000000001
2269,-5.6937240000000005
2270,-5.6937240000000005
2271,-5.6937240000000005
2272,-5.732964000000001
2273,-5.732964000000001
2274,-5.732964000000001
2275,-5.7765640000000005
2276,-5.811444000000001
2277,-5.811444000000001
2278,-5.824524
2279,-5.955324000000001
2280,-5.9684040000000005
2281,-5.9684040000000005
2282,-5.889924000000001
2283,-5.850684000000001
2284,-5.850684000000001
2285,-5.861010315789475
2286,-5.889924000000001
2287,-5.889924000000001
2288,-5.876844000000001
2289,-5.789644000000001
2290,-5.772204
2291,-5.772204
2292,-5.708257333333334
2293,-5.615244000000001
2294,-5.615244000000001
2295,-5.6595472258064525
2296,-5.836760129032259
2297,-5.889924000000001
2298,-5.892232235294119
2299,-5.938396941176471
2300,-5.9684040000000005
2301,-5.9684040000000005
2302,-5.9684040000000005
2303,-5.9684040000000005
2304,-5.9684040000000005
2305,-5.948280923076924
2306,-5.867788615384616
2307,-5.811444000000001
2308,-5.809737913043479
2309,-5.792677043478262
2310,-5.775616173913043
2311,-5.772204
2312,-5.772204
2313,-5.772204
2314,-5.772204
2315,-5.772204
2316,-5.754865395348839
2317,-5.73661423255814
2318,-5.732964000000001
2319,-5.732964000000001
2320,-5.732964000000001
2321,-5.732964000000001
2322,-5.764937333333334
2323,-5.823070666666667
2324,-5.881204
2325,-5.887783636363637
2326,-5.8449763636363645
2327,-5.802169090909091
2328,-5.773393090909091
2329,-5.785284
2330,-5.797174909090909
2331,-5.809065818181819
2332,-5.811444000000001
2333,-5.811444000000001
2334,-5.811444000000001
2335,-5.811444000000001
2336,-5.811444000000001
2337,-5.811444000000001
2338,-5.863764000000001
2339,-5.9684040000000005
2340,-5.9684040000000005
2341,-5.9684040000000005
2342,-5.850684000000001
2343,-5.850684000000001
2344,-5.850684000000001
2345,-5.872484000000001
2346,-5.889924000000001
2347,-5.889924000000001
2348,-5.878712571428572
2349,-5.772204
2350,-5.772204
2351,-5.772204
2352,-5.6937240000000005
2353,-5.654484000000001
2354,-5.654484000000001
2355,-5.6751366315789475
2356,-5.732964000000001
2357,-5.732964000000001
2358,-5.7359824615384625
2359,-5.766167076923078
2360,-5.772204
2361,-5.772204
2362,-5.734417333333334
2363,-5.6937240000000005
2364,-5.6937240000000005
2365,-5.722262181818182
2366,-5.817389454545455
2367,-5.850684000000001
2368,-5.848441714285714
2369,-5.803596000000001
2370,-5.772204
2371,-5.772204
2372,-5.7508003636363645
2373,-5.703236727272728
2374,-5.6937240000000005
2375,-5.718507157894738
2376,-5.842422947368422
2377,-5.929164000000001
2378,-5.925676000000001
2379,-5.8559160000000015
2380,-5.786156000000001
2381,-5.772204
2382,-5.76807347368421
2383,-5.747420842105264
2384,-5.732964000000001
2385,-5.732964000000001
2386,-5.768636727272728
2387,-5.804309454545455
2388,-5.811444000000001
2389,-5.785284
2390,-5.754507529411765
2391,-5.732964000000001
2392,-5.720890153846154
2393,-5.690705538461539
2394,-5.660520923076923
2395,-5.654484000000001
2396,-5.727150666666668
2397,-5.799817333333334
2398,-5.844738545454546
2399,-5.785284
2400,-5.7258294545454556
2401,-5.6663749090909095
2402,-5.654484000000001
2403,-5.654484000000001
2404,-5.654484000000001
2405,-5.732964000000001
2406,-5.732964000000001
2407,-5.732964000000001
2408,-5.706804
2409,-5.654484000000001
2410,-5.654484000000001
2411,-5.654484000000001
2412,-5.811444000000001
2413,-5.811444000000001
2414,-5.811444000000001
2415,-5.8332440000000005
2416,-5.850684000000001
2417,-5.850684000000001
2418,-5.845565739130436
2419,-5.743200521739131
2420,-5.732964000000001
2421,-5.732964000000001
2422,-5.732964000000001
2423,-5.732964000000001
2424,-5.732964000000001
2425,-5.723154000000001
2426,-5.6937240000000005
2427,-5.6937240000000005
2428,-5.695293600000001
2429,-5.726685600000001
2430,-5.732964000000001
2431,-5.732964000000001
2432,-5.810042571428572
2433,-5.929164000000001
2434,-5.929164000000001
2435,-5.903938285714287
2436,-5.735766857142858
2437,-5.6937240000000005
2438,-5.702444000000001
2439,-5.789644000000001
2440,-5.850684000000001
2441,-5.850684000000001
2442,-5.824524
2443,-5.7809240000000015
2444,-5.772204
2445,-5.759812421052632
2446,-5.6978545263157905
2447,-5.654484000000001
2448,-5.6571
2449,-5.709420000000001
2450,-5.7617400000000005
2451,-5.772204
2452,-5.772204
2453,-5.772204
2454,-5.772204
2455,-5.772204
2456,-5.755933756097561
2457,-5.736792292682927
2458,-5.732964000000001
2459,-5.719884000000001
2460,-5.704495764705883
2461,-5.6937240000000005
2462,-5.6937240000000005
2463,-5.6937240000000005
2464,-5.6937240000000005
2465,-5.6937240000000005
2466,-5.751857333333334
2467,-5.809990666666668
2468,-5.850684000000001
2469,-5.850684000000001
2470,-5.850684000000001
2471,-5.850684000000001
2472,-5.850684000000001
2473,-5.850684000000001
2474,-5.850684000000001
2475,-5.6937240000000005
2476,-5.615244000000001
2477,-5.615244000000001
2478,-5.654484000000001
2479,-5.811444000000001
2480,-5.811444000000001
2481,-5.811444000000001
2482,-5.732964000000001
2483,-5.732964000000001
2484,-5.732964000000001
2485,-5.732964000000001
2486,-5.732964000000001
2487,-5.732964000000001
2488,-5.734926000000001
2489,-5.772204
2490,-5.772204
2491,-5.772204
2492,-5.719884000000001
2493,-5.6937240000000005
2494,-5.6937240000000005
2495,-5.704050315789475
2496,-5.732964000000001
2497,-5.732964000000001
2498,-5.732964000000001
2499,-5.732964000000001
2500,-5.732964000000001
2501,-5.732964000000001
2502,-5.722262181818182
2503,-5.6937240000000005
2504,-5.6937240000000005
2505,-5.713344
2506,-5.791824000000001
2507,-5.811444000000001
2508,-5.8058382857142865
2509,-5.6937240000000005
2510,-5.615244000000001
2511,-5.615244000000001
2512,-5.676906857142858
2513,-5.789021142857143
2514,-5.811444000000001
2515,-5.807084000000001
2516,-5.763484
2517,-5.732964000000001
2518,-5.730348000000001
2519,-5.678028
2520,-5.625708
2521,-5.615244000000001
2522,-5.662161391304348
2523,-5.747465739130436
2524,-5.811444000000001
2525,-5.811444000000001
2526,-5.795173756097562
2527,-5.7760322926829275
2528,-5.772204
2529,-5.811444000000001
2530,-5.857608705882354
2531,-5.889924000000001
2532,-5.868380470588235
2533,-5.806827529411765
2534,-5.7452745882352945
2535,-5.732964000000001
2536,-5.660297333333334
2537,-5.587630666666667
2538,-5.536764000000001
2539,-5.601320129032258
2540,-5.6772685161290335
2541,-5.753216903225807
2542,-5.772204
2543,-5.772204
2544,-5.772204
2545,-5.732964000000001
2546,-5.732964000000001
2547,-5.732964000000001
2548,-5.739504000000001
2549,-5.772204
2550,-5.772204
2551,-5.772204
2552,-5.732964000000001
2553,-5.732964000000001
2554,-5.732964000000001
2555,-5.791824000000001
2556,-5.850684000000001
2557,-5.850684000000001
2558,-5.850684000000001
2559,-5.850684000000001
2560,-5.850684000000001
2561,-5.850684000000001
2562,-5.781436941176471
2563,-5.732964000000001
2564,-5.732964000000001
2565,-5.743290315789475
2566,-5.772204
2567,-5.772204
2568,-5.775343200000001
2569,-5.8381272000000015
2570,-5.850684000000001
2571,-5.850684000000001
2572,-5.816152800000001
2573,-5.772204
2574,-5.772204
2575,-5.777267225806452
2576,-5.80258335483871
2577,-5.811444000000001
2578,-5.811444000000001
2579,-5.811444000000001
2580,-5.811444000000001
2581,-5.811444000000001
2582,-5.790040363636364
2583,-5.742476727272727
2584,-5.732964000000001
2585,-5.732964000000001
2586,-5.732964000000001
2587,-5.732964000000001
2588,-5.732964000000001
2589,-5.781774731707317
2590,-5.8391991219512205
2591,-5.850684000000001
2592,-5.8351945263157905
2593,-5.731931368421053
2594,-5.654484000000001
2595,-5.655356000000001
2596,-5.672796000000001
2597,-5.6902360000000005
2598,-5.6937240000000005
2599,-5.759124000000001
2600,-5.8317906666666675
2601,-5.889924000000001
2602,-5.862994588235295
2603,-5.786053411764707
2604,-5.709112235294119
2605,-5.6930105454545465
2606,-5.678741454545455
2607,-5.664472363636364
2608,-5.655078545454546
2609,-5.666969454545455
2610,-5.678860363636365
2611,-5.690751272727274
2612,-5.6937240000000005
2613,-5.6937240000000005
2614,-5.6937240000000005
2615,-5.811444000000001
2616,-5.811444000000001
2617,-5.811444000000001
2618,-5.772204
2619,-5.615244000000001
2620,-5.615244000000001
2621,-5.615244000000001
2622,-5.732964000000001
2623,-5.732964000000001
2624,-5.732964000000001
2625,-5.791824000000001
2626,-5.850684000000001
2627,-5.850684000000001
2628,-5.850684000000001
2629,-5.772204
2630,-5.772204
2631,-5.772204
2632,-5.746044
2633,-5.732964000000001
2634,-5.732964000000001
2635,-5.7277320000000005
2636,-5.654484000000001
2637,-5.654484000000001
2638,-5.655673090909091
2639,-5.679454909090909
2640,-5.6937240000000005
2641,-5.6937240000000005
2642,-5.6756132307692315
2643,-5.654484000000001
2644,-5.654484000000001
2645,-5.675412000000001
2646,-5.780052
2647,-5.811444000000001
2648,-5.809201714285715
2649,-5.764356
2650,-5.732964000000001
2651,-5.732964000000001
2652,-5.757629142857144
2653,-5.802474857142857
2654,-5.811444000000001
2655,-5.805080756756757
2656,-5.762659135135136
2657,-5.732964000000001
2658,-5.733836000000001
2659,-5.751276000000001
2660,-5.768716
2661,-5.772204
2662,-5.776228615384616
2663,-5.796351692307693
2664,-5.811444000000001
2665,-5.8097
2666,-5.77482
2667,-5.739940000000001
2668,-5.732964000000001
2669,-5.746044
2670,-5.761432235294118
2671,-5.772204
2672,-5.772204
2673,-5.772204
2674,-5.772204
2675,-5.772204
2676,-5.786737333333335
2677,-5.801270666666667
2678,-5.810236615384617
2679,-5.786088923076924
2680,-5.7619412307692315
2681,-5.737793538461539
2682,-5.732964000000001
2683,-5.732964000000001
2684,-5.732964000000001
2685,-5.732964000000001
2686,-5.732964000000001
2687,-5.732964000000001
2688,-5.756508
2689,-5.850684000000001
2690,-5.850684000000001
2691,-5.850684000000001
2692,-5.850684000000001
2693,-5.850684000000001
2694,-5.850684000000001
2695,-5.8310640000000005
2696,-5.811444000000001
2697,-5.811444000000001
2698,-5.811444000000001
2699,-5.732964000000001
2700,-5.732964000000001
2701,-5.732964000000001
2702,-5.732964000000001
2703,-5.732964000000001
2704,-5.732964000000001
2705,-5.739888705882354
2706,-5.772204
2707,-5.772204
2708,-5.772204
2709,-5.772204
2710,-5.772204
2711,-5.772204
2712,-5.787558782608696
2713,-5.811444000000001
2714,-5.811444000000001
2715,-5.79520675862069
2716,-5.714020551724138
2717,-5.6937240000000005
2718,-5.6937240000000005
2719,-5.76297105882353
2720,-5.811444000000001
2721,-5.811444000000001
2722,-5.811444000000001
2723,-5.811444000000001
2724,-5.811444000000001
2725,-5.809264000000001
2726,-5.787464000000001
2727,-5.772204
2728,-5.772204
2729,-5.772204
2730,-5.772204
2731,-5.772204
2732,-5.772204
2733,-5.772204
2734,-5.772204
2735,-5.771332
2736,-5.7538920000000005
2737,-5.736452000000001
2738,-5.732964000000001
2739,-5.719884000000001
2740,-5.704495764705883
2741,-5.6937240000000005
2742,-5.6937240000000005
2743,-5.763078418604652
2744,-5.836083069767443
2745,-5.850684000000001
2746,-5.821617333333334
2747,-5.792550666666668
2748,-5.772204
2749,-5.78409490909091
2750,-5.795985818181819
2751,-5.8078767272727285
2752,-5.811444000000001
2753,-5.811444000000001
2754,-5.811444000000001
2755,-5.772204
2756,-5.772204
2757,-5.772204
2758,-5.772204
2759,-5.6937240000000005
2760,-5.6937240000000005
2761,-5.6937240000000005
2762,-5.811444000000001
2763,-5.811444000000001
2764,-5.811444000000001
2765,-5.824524
2766,-5.850684000000001
2767,-5.850684000000001
2768,-5.850684000000001
2769,-5.772204
2770,-5.772204
2771,-5.772204
2772,-5.725116000000001
2773,-5.6937240000000005
2774,-5.6937240000000005
2775,-5.707573411764706
2776,-5.772204
2777,-5.772204
2778,-5.772204
2779,-5.739788347826088
2780,-5.732964000000001
2781,-5.732964000000001
2782,-5.732964000000001
2783,-5.732964000000001
2784,-5.732964000000001
2785,-5.724845379310345
2786,-5.643659172413794
2787,-5.615244000000001
2788,-5.615244000000001
2789,-5.638326352941177
2790,-5.654484000000001
2791,-5.654484000000001
2792,-5.665185818181819
2793,-5.688967636363636
2794,-5.6937240000000005
2795,-5.685462947368422
2796,-5.644157684210526
2797,-5.615244000000001
2798,-5.615244000000001
2799,-5.789644000000001
2800,-5.964044
2801,-6.007644000000001
2802,-5.970469263157895
2803,-5.7845955789473695
2804,-5.654484000000001
2805,-5.654484000000001
2806,-5.671428545454545
2807,-5.68926490909091
2808,-5.6937240000000005
2809,-5.729760734693879
2810,-5.7778097142857145
2811,-5.811444000000001
2812,-5.811444000000001
2813,-5.811444000000001
2814,-5.811444000000001
2815,-5.811444000000001
2816,-5.811444000000001
2817,-5.811444000000001
2818,-5.811444000000001
2819,-5.750131500000001
2820,-5.688819000000001
2821,-5.6275065
2822,-5.615244000000001
2823,-5.615244000000001
2824,-5.615244000000001
2825,-5.9684040000000005
2826,-5.9684040000000005
2827,-5.9684040000000005
2828,-5.9684040000000005
2829,-5.850684000000001
2830,-5.850684000000001
2831,-5.850684000000001
2832,-5.732964000000001
2833,-5.732964000000001
2834,-5.732964000000001
2835,-5.676906857142858
2836,-5.536764000000001
2837,-5.536764000000001
2838,-5.536764000000001
2839,-5.929164000000001
2840,-5.929164000000001
2841,-5.929164000000001
2842,-5.727358285714287
2843,-5.615244000000001
2844,-5.615244000000001
2845,-5.605434000000001
2846,-5.536764000000001
2847,-5.536764000000001
2848,-5.536764000000001
2849,-5.729396727272728
2850,-5.772204
2851,-5.772204
2852,-5.700858545454546
2853,-2.8431303529411767
2854,-3.101922
2855,-2.8762920000000003
2856,-2.5754520000000003
2857,-2.2746120000000003
2858,-2.2247181290322584
2859,-2.3512987741935487
2860,-2.477879419354839
2861,-2.591802
2862,-2.639160620689655
2863,-2.7068157931034484
2864,-2.7744709655172417
2865,-2.788002
2866,-2.788002
2867,-2.788002
2868,-2.748762
2869,-2.631042
2870,-2.631042
2871,-2.631042
2872,-3.6522630000000005
2873,-3.6522630000000005
2874,-3.6522630000000005
2875,-3.809223
2876,-3.809223
2877,-3.809223
2878,-4.081035461538462
2879,-5.576004
2880,-5.576004
2881,-5.576004
2882,-4.476303
2883,-4.476303
2884,-4.476303
2885,-5.301106000000001
2886,-5.536764000000001
2887,-5.536764000000001
2888,-5.372142857142858
2889,-4.672503
2890,-4.672503
2891,-4.672503
2892,-6.037742863636363
2893,-6.439284
2894,-6.439284
2895,-6.023630666666667
2896,-5.576004
2897,-5.576004
2898,-5.542369714285715
2899,-5.374198285714286
2900,-5.3405640000000005
2901,-5.3405640000000005
2902,-5.361492
2903,-5.379804
2904,-5.379804
2905,-5.2812009230769235
2906,-5.140339384615385
2907,-5.105124
2908,-5.189640923076923
2909,-5.612225538461539
2910,-5.929164000000001
2911,-5.929164000000001
2912,-5.554541634146341
2913,-5.11380943902439
2914,-5.025663
2915,-5.2972747659574475
2916,-5.715139021276596
2917,-6.007644000000001
2918,-5.95504570212766
2919,-5.604390382978724
2920,-5.253735063829787
2921,-5.183604
2922,-5.4368491500000005
2923,-6.28099965
2924,-6.871905000000001
2925,-6.5462637413793106
2926,-6.045277189655172
2927,-5.544290637931034
2928,-5.406652421052632
2929,-5.324041894736842
2930,-5.241431368421053
2931,-5.183604
2932,-5.377272387096774
2933,-5.605117548387097
2934,-5.832962709677419
2935,-5.889924000000001
2936,-5.889924000000001
2937,-5.889924000000001
2938,-5.955324
2939,-6.086124
2940,-6.086124
2941,-6.086124
2942,-5.615244000000001
2943,-5.615244000000001
2944,-5.615244000000001
2945,-5.683260000000001
2946,-5.6937240000000005
2947,-5.6937240000000005
2948,-5.798364
2949,-6.164604
2950,-6.164604
2951,-6.164604
2952,-5.929164000000001
2953,-5.929164000000001
2954,-5.929164000000001
2955,-5.868124000000001
2956,-5.850684000000001
2957,-5.850684000000001
2958,-5.826159000000001
2959,-5.654484000000001
2960,-5.654484000000001
2961,-5.654484000000001
2962,-5.686249714285715
2963,-5.6937240000000005
2964,-5.6937240000000005
2965,-5.8310640000000005
2966,-5.9684040000000005
2967,-5.9684040000000005
2968,-5.9593486153846165
2969,-5.86879476923077
2970,-5.850684000000001
2971,-5.850684000000001
2972,-5.91144270967742
2973,-5.9684040000000005
2974,-5.9684040000000005
2975,-5.807313473684211
2976,-5.559481894736843
2977,-5.497524
2978,-5.497524
2979,-5.700858545454546
2980,-5.850684000000001
2981,-5.850684000000001
2982,-5.834988
2983,-5.815368
2984,-5.811444000000001
2985,-5.788554000000001
2986,-5.755854
2987,-5.732964000000001
2988,-5.758010808510639
2989,-5.9249895319148935
2990,-6.091968255319149
2991,-6.125364
2992,-5.863764000000001
2993,-5.5559992941176475
2994,-5.3405640000000005
2995,-5.394260842105263
2996,-5.476871368421053
2997,-5.559481894736842
2998,-5.570591586206897
2999,-5.54352951724138
3000,-5.516467448275863
3001,-5.497524
3002,-5.650624327868853
3003,-5.830742360655737
3004,-6.0108603934426235
3005,-6.0468839999999995
3006,-6.0468839999999995
3007,-6.0468839999999995
3008,-5.850683999999999
3009,-5.458284
3010,-5.458284
3011,-5.458284
3012,-5.654484000000001
3013,-5.654484000000001
3014,-5.654484000000001
3015,-5.6937240000000005
3016,-5.6937240000000005
3017,-5.6937240000000005
3018,-5.798364
3019,-6.164604
3020,-6.164604
3021,-6.164604
3022,-6.086124
3023,-6.086124
3024,-6.086124
3025,-5.997834000000001
3026,-5.9684040000000005
3027,-5.9684040000000005
3028,-5.9684040000000005
3029,-5.9684040000000005
3030,-5.9684040000000005
3031,-5.9684040000000005
3032,-5.644674
3033,-5.536764000000001
3034,-5.536764000000001
3035,-5.752584000000001
3036,-5.9684040000000005
3037,-5.9684040000000005
3038,-5.9684040000000005
3039,-6.033804
3040,-6.0468839999999995
3041,-6.0468839999999995
3042,-5.681546068965518
3043,-5.3405640000000005
3044,-5.3405640000000005
3045,-5.3405640000000005
3046,-5.3405640000000005
3047,-5.3405640000000005
3048,-5.3525540000000005
3049,-5.592354000000001
3050,-5.772204
3051,-5.772204
3052,-5.843089161290322
3053,-6.045618193548387
3054,-6.086124
3055,-5.953049217391304
3056,-5.748318782608696
3057,-5.615244000000001
3058,-5.628039652173913
3059,-5.713344
3060,-5.798648347826088
3061,-5.811444000000001
3062,-5.889924000000001
3063,-5.982253411764705
3064,-6.0468839999999995
3065,-5.943130779661017
3066,-5.770208745762712
3067,-5.597286711864407
3068,-5.557416631578947
3069,-5.695100842105264
3070,-5.83278505263158
3071,-5.929164000000001
3072,-5.939628000000001
3073,-5.952708
3074,-5.965788000000001
3075,-5.916864895522389
3076,-5.8231574328358215
3077,-5.729449970149254
3078,-5.654484000000001
3079,-5.654484000000001
3080,-5.654484000000001
3081,-5.654484000000001
3082,-5.458284
3083,-5.458284
3084,-5.458284
3085,-5.889924000000001
3086,-5.889924000000001
3087,-5.889924000000001
3088,-5.889924000000001
3089,-6.007644000000001
3090,-6.007644000000001
3091,-6.007644000000001
3092,-5.105124
3093,-5.105124
3094,-5.105124
3095,-5.651868000000001
3096,-5.850684000000001
3097,-5.850684000000001
3098,-5.8483757647058825
3099,-5.811444000000001
3100,-5.811444000000001
3101,-5.811444000000001
3102,-5.872484000000001
3103,-5.889924000000001
3104,-5.889924000000001
3105,-5.871813230769232
3106,-5.850684000000001
3107,-5.850684000000001
3108,-5.820499384615386
3109,-5.518653230769232
3110,-5.458284
3111,-5.458284
3112,-5.536764000000001
3113,-5.615244000000001
3114,-5.615244000000001
3115,-5.640027157894737
3116,-5.681332421052632
3117,-5.6937240000000005
3118,-5.6937240000000005
3119,-5.422611272727273
3120,-5.222844
3121,-5.222844
3122,-5.333140216216216
3123,-5.502826702702703
3124,-5.536764000000001
3125,-5.555948000000001
3126,-5.590828000000001
3127,-5.615244000000001
3128,-5.615244000000001
3129,-6.0949763571428575
3130,-6.599957785714286
3131,-6.675705000000001
3132,-6.255751695652174
3133,-5.55582952173913
3134,-5.065884
3135,-5.167908
3136,-5.353406181818182
3137,-5.538904363636363
3138,-5.576004
3139,-5.328574
3140,-5.081144
3141,-4.9079429999999995
3142,-5.147622915254238
3143,-5.467196135593221
3144,-5.786769355932204
3145,-5.752584000000001
3146,-5.574220363636364
3147,-5.395856727272728
3148,-5.262084
3149,-5.262084
3150,-5.262084
3151,-5.262084
3152,-6.007644000000001
3153,-6.007644000000001
3154,-6.007644000000001
3155,-5.6937240000000005
3156,-5.6937240000000005
3157,-5.6937240000000005
3158,-5.6937240000000005
3159,-5.536764000000001
3160,-5.536764000000001
3161,-5.536764000000001
3162,-5.576004
3163,-5.576004
3164,-5.576004
3165,-5.523684000000001
3166,-5.458284
3167,-5.458284
3168,-5.467516941176471
3169,-5.615244000000001
3170,-5.615244000000001
3171,-5.615244000000001
3172,-5.706804
3173,-5.732964000000001
3174,-5.732964000000001
3175,-5.609638285714286
3176,-5.419044
3177,-5.419044
3178,-5.4751011428571426
3179,-5.755386857142859
3180,-5.811444000000001
3181,-5.811444000000001
3182,-5.844738545454546
3183,-5.889924000000001
3184,-5.889924000000001
3185,-5.746044
3186,-5.506244000000001
3187,-5.458284
3188,-5.460526285714287
3189,-5.505372
3190,-5.536764000000001
3191,-5.536764000000001
3192,-5.63327318918919
3193,-5.781748864864865
3194,-5.811444000000001
3195,-5.744300000000001
3196,-5.62222
3197,-5.536764000000001
3198,-5.536764000000001
3199,-5.606118418604652
3200,-5.679123069767443
3201,-5.6937240000000005
3202,-5.703742723404256
3203,-5.720440595744681
3204,-5.732964000000001
3205,-5.717268
3206,-5.688729818181819
3207,-5.660191636363637
3208,-5.656549263157895
3209,-5.670317684210527
3210,-5.684086105263159
3211,-5.6937240000000005
3212,-5.746044
3213,-5.811444000000001
3214,-5.876844000000001
3215,-5.857224000000001
3216,-5.797769454545455
3217,-5.738314909090909
3218,-5.6937240000000005
3219,-5.6937240000000005
3220,-5.6937240000000005
3221,-5.6937240000000005
3222,-5.183604
3223,-5.183604
3224,-5.183604
3225,-5.262084
3226,-5.262084
3227,-5.262084
3228,-5.262084
3229,-5.536764000000001
3230,-5.536764000000001
3231,-5.536764000000001
3232,-5.850684000000001
3233,-5.850684000000001
3234,-5.850684000000001
3235,-6.16722
3236,-6.282324
3237,-6.282324
3238,-6.240904
3239,-5.536764000000001
3240,-5.536764000000001
3241,-5.536764000000001
3242,-5.711560363636364
3243,-5.811444000000001
3244,-5.811444000000001
3245,-5.9684040000000005
3246,-6.203844
3247,-6.203844
3248,-6.203844
3249,-5.9422440000000005
3250,-5.889924000000001
3251,-5.889924000000001
3252,-5.719884000000001
3253,-5.536764000000001
3254,-5.536764000000001
3255,-5.571761837837839
3256,-5.63539427027027
3257,-5.654484000000001
3258,-5.654484000000001
3259,-5.677076727272727
3260,-5.6937240000000005
3261,-5.6937240000000005
3262,-5.6937240000000005
3263,-5.6937240000000005
3264,-5.6937240000000005
3265,-5.686423534883722
3266,-5.668172372093023
3267,-5.654484000000001
3268,-5.654484000000001
3269,-5.604032571428572
3270,-5.547975428571429
3271,-5.536764000000001
3272,-5.471079652173913
3273,-5.351653565217391
3274,-5.262084
3275,-5.392884
3276,-5.683550666666667
3277,-5.974217333333333
3278,-6.0468839999999995
3279,-5.920279471698114
3280,-5.787011547169811
3281,-5.6937240000000005
3282,-5.783218736842106
3283,-5.920902947368421
3284,-6.0585871578947375
3285,-6.077862947368422
3286,-6.022789263157895
3287,-5.967715578947368
3288,-5.929164000000001
3289,-5.929164000000001
3290,-5.929164000000001
3291,-5.929164000000001
3292,-5.772204
3293,-5.772204
3294,-5.772204
3295,-5.889924000000001
3296,-5.889924000000001
3297,-5.889924000000001
3298,-5.889924000000001
3299,-5.850684000000001
3300,-5.850684000000001
3301,-5.850684000000001
3302,-5.811444000000001
3303,-5.811444000000001
3304,-5.811444000000001
3305,-6.070428000000001
3306,-6.164604
3307,-6.164604
3308,-6.164604
3309,-5.811444000000001
3310,-5.811444000000001
3311,-5.811444000000001
3312,-5.689364
3313,-5.654484000000001
3314,-5.654484000000001
3315,-5.591700000000001
3316,-5.497524
3317,-5.497524
3318,-5.497524
3319,-6.053424000000001
3320,-6.164604
3321,-6.164604
3322,-5.862310666666668
3323,-5.536764000000001
3324,-5.536764000000001
3325,-5.517144
3326,-5.473544
3327,-5.458284
3328,-5.458284
3329,-5.513681647058824
3330,-5.576004
3331,-5.576004
3332,-5.604917684210526
3333,-5.646222947368422
3334,-5.654484000000001
3335,-5.654484000000001
3336,-5.654484000000001
3337,-5.654484000000001
3338,-5.6571594545454555
3339,-5.710668545454546
3340,-5.764177636363637
3341,-5.772204
3342,-5.817984000000001
3343,-5.883384
3344,-5.929164000000001
3345,-5.907364
3346,-5.863764000000001
3347,-5.820164000000001
3348,-5.807163272727273
3349,-5.721548727272728
3350,-5.6359341818181825
3351,-5.576004
3352,-5.675766711864408
3353,-5.8087836610169505
3354,-5.9418006101694925
3355,-5.920108615384616
3356,-5.823517846153847
3357,-5.726927076923078
3358,-5.654484000000001
3359,-5.654484000000001
3360,-5.654484000000001
3361,-5.654484000000001
3362,-5.615244000000001
3363,-5.615244000000001
3364,-5.615244000000001
3365,-5.576004
3366,-5.576004
3367,-5.576004
3368,-5.576004
3369,-5.811444000000001
3370,-5.811444000000001
3371,-5.811444000000001
3372,-5.536764000000001
3373,-5.536764000000001
3374,-5.536764000000001
3375,-5.563930153846154
3376,-5.576004
3377,-5.576004
3378,-5.576004
3379,-5.732964000000001
3380,-5.732964000000001
3381,-5.732964000000001
3382,-5.756508
3383,-5.772204
3384,-5.772204
3385,-5.726139652173913
3386,-5.654484000000001
3387,-5.654484000000001
3388,-5.654484000000001
3389,-5.3405640000000005
3390,-5.262084
3391,-5.262084
3392,-5.515634769230769
3393,-5.811444000000001
3394,-5.811444000000001
3395,-5.772204
3396,-5.685004
3397,-5.654484000000001
3398,-5.654484000000001
3399,-5.591700000000001
3400,-5.536764000000001
3401,-5.536764000000001
3402,-5.526954000000001
3403,-5.502429
3404,-5.497524
3405,-5.484444000000001
3406,-5.447072571428572
3407,-5.419044
3408,-5.419044
3409,-5.536764000000001
3410,-5.6675640000000005
3411,-5.6937240000000005
3412,-5.606118418604652
3413,-5.387104465116279
3414,-5.222844
3415,-5.322794943396226
3416,-5.544908150943396
3417,-5.767021358490567
3418,-5.811444000000001
3419,-5.9398658181818185
3420,-6.068287636363636
3421,-6.164604
3422,-6.088926857142858
3423,-5.962798285714285
3424,-5.836669714285715
3425,-5.796254322580646
3426,-5.758280129032259
3427,-5.7203059354838715
3428,-5.6937240000000005
3429,-5.670055428571429
3430,-5.645141142857144
3431,-5.620226857142857
3432,-5.615244000000001
3433,-5.615244000000001
3434,-5.615244000000001
3435,-6.243084
3436,-6.243084
3437,-6.243084
3438,-6.243084
3439,-5.654484000000001
3440,-5.654484000000001
3441,-5.654484000000001
3442,-5.889924000000001
3443,-5.889924000000001
3444,-5.889924000000001
3445,-5.922968210526316
3446,-6.0468839999999995
3447,-6.0468839999999995
3448,-6.0468839999999995
3449,-5.576004
3450,-5.576004
3451,-5.576004
3452,-5.699919789473685
3453,-5.811444000000001
3454,-5.811444000000001
3455,-5.688605739130436
3456,-5.458284
3457,-5.458284
3458,-5.458284
3459,-5.644674
3460,-5.6937240000000005
3461,-5.6937240000000005
3462,-5.603170153846154
3463,-5.497524
3464,-5.497524
3465,-5.543688705882354
3466,-5.6591004705882355
3467,-5.6937240000000005
3468,-5.6937240000000005
3469,-5.83964775
3470,-5.9684040000000005
3471,-5.9684040000000005
3472,-5.958594000000001
3473,-5.934069
3474,-5.929164000000001
3475,-5.8997340000000005
3476,-5.801634000000001
3477,-5.732964000000001
3478,-5.732964000000001
3479,-5.624537684210527
3480,-5.479969263157895
3481,-5.458284
3482,-5.543588347826088
3483,-5.714197043478262
3484,-5.850684000000001
3485,-5.858198042553192
3486,-5.908291659574469
3487,-5.958385276595745
3488,-5.9684040000000005
3489,-5.939337333333334
3490,-5.910270666666668
3491,-5.889924000000001
3492,-5.889924000000001
3493,-5.889924000000001
3494,-5.889924000000001
3495,-5.898332571428573
3496,-5.982418285714286
3497,-6.066504
3498,-6.125364
3499,-6.0625800000000005
3500,-5.9841
3501,-5.905620000000001
3502,-5.889924000000001
3503,-5.889924000000001
3504,-5.889924000000001
3505,-5.732964000000001
3506,-5.732964000000001
3507,-5.732964000000001
3508,-5.732964000000001
3509,-5.654484000000001
3510,-5.654484000000001
3511,-5.654484000000001
3512,-5.889924000000001
3513,-5.889924000000001
3514,-5.889924000000001
3515,-5.889924000000001
3516,-5.811444000000001
3517,-5.811444000000001
3518,-5.811444000000001
3519,-6.164604
3520,-6.164604
3521,-6.164604
3522,-6.028296631578948
3523,-5.929164000000001
3524,-5.929164000000001
3525,-5.829280363636364
3526,-5.615244000000001
3527,-5.615244000000001
3528,-5.615244000000001
3529,-5.932901142857143
3530,-6.007644000000001
3531,-6.007644000000001
3532,-6.177216857142858
3533,-6.439284
3534,-6.439284
3535,-6.297782181818182
3536,-5.893491272727274
3537,-5.772204
3538,-5.772204
3539,-5.8140600000000004
3540,-5.850684000000001
3541,-5.850684000000001
3542,-5.816060470588236
3543,-5.746813411764706
3544,-5.732964000000001
3545,-5.785938
3546,-5.962518
3547,-6.086124
3548,-6.086124
3549,-6.013839789473684
3550,-5.910576631578948
3551,-5.889924000000001
3552,-5.889924000000001
3553,-5.889924000000001
3554,-5.889924000000001
3555,-5.893336173913044
3556,-5.9274579130434795
3557,-5.9615796521739135
3558,-5.9684040000000005
3559,-5.926202490566038
3560,-5.881779849056604
3561,-5.850684000000001
3562,-5.909544
3563,-6.007644
3564,-6.105744
3565,-6.126765428571428
3566,-6.140779714285714
3567,-6.154794
3568,-6.164604
3569,-6.057210315789474
3570,-5.8782208421052635
3571,-5.699231368421053
3572,-5.654484000000001
3573,-5.654484000000001
3574,-5.654484000000001
3575,-5.6937240000000005
3576,-5.6937240000000005
3577,-5.6937240000000005
3578,-5.6937240000000005
3579,-5.811444000000001
3580,-5.811444000000001
3581,-5.811444000000001
3582,-5.850684000000001
3583,-5.850684000000001
3584,-5.850684000000001
3585,-5.879222181818182
3586,-5.889924000000001
3587,-5.889924000000001
3588,-5.889924000000001
3589,-5.772204
3590,-5.772204
3591,-5.772204
3592,-5.726768210526316
3593,-5.6937240000000005
3594,-5.6937240000000005
3595,-5.731180363636365
3596,-5.811444000000001
3597,-5.811444000000001
3598,-5.811444000000001
3599,-5.87497542857143
3600,-5.889924000000001
3601,-5.889924000000001
3602,-5.751799200000001
3603,-5.576004
3604,-5.576004
3605,-5.609298545454546
3606,-5.704425818181819
3607,-5.732964000000001
3608,-5.732964000000001
3609,-5.712036
3610,-5.6937240000000005
3611,-5.6937240000000005
3612,-5.716146857142858
3613,-5.760992571428573
3614,-5.772204
3615,-5.731957846153846
3616,-5.570973230769231
3617,-5.458284
3618,-5.458284
3619,-5.646636
3620,-5.8820760000000005
3621,-5.929164000000001
3622,-5.841964
3623,-5.6675640000000005
3624,-5.536764000000001
3625,-5.536764000000001
3626,-5.3405640000000005
3627,-5.144364
3628,-5.105124
3629,-5.207489217391305
3630,-5.3780979130434785
3631,-5.497524
3632,-5.516359200000001
3633,-5.579143200000001
3634,-5.641927200000001
3635,-5.650279714285714
3636,-5.608236857142858
3637,-5.566194
3638,-5.536764000000001
3639,-5.536764000000001
3640,-5.536764000000001
3641,-5.536764000000001
3642,-5.536764000000001
3643,-5.536764000000001
3644,-5.536764000000001
3645,-5.3405640000000005
3646,-5.3405640000000005
3647,-5.3405640000000005
3648,-5.3405640000000005
3649,-6.243084
3650,-6.243084
3651,-6.243084
3652,-5.811444000000001
3653,-5.811444000000001
3654,-5.811444000000001
3655,-5.670180000000001
3656,-5.576004
3657,-5.576004
3658,-5.576004
3659,-5.751551368421054
3660,-5.772204
3661,-5.772204
3662,-5.772204
3663,-5.772204
3664,-5.772204
3665,-5.6675640000000005
3666,-5.458284
3667,-5.458284
3668,-5.458284
3669,-5.553581142857142
3670,-5.576004
3671,-5.576004
3672,-5.706804
3673,-5.889924000000001
3674,-5.889924000000001
3675,-5.825293411764706
3676,-5.640634588235295
3677,-5.576004
3678,-5.576004
3679,-5.718079862068967
3680,-5.850684000000001
3681,-5.850684000000001
3682,-5.827601647058825
3683,-5.781436941176471
3684,-5.772204
3685,-5.758470000000001
3686,-5.719230000000001
3687,-5.6937240000000005
3688,-5.6937240000000005
3689,-5.6432725714285725
3690,-5.587215428571429
3691,-5.576004
3692,-5.65274
3693,-5.792260000000001
3694,-5.889924000000001
3695,-5.879152235294118
3696,-5.8483757647058825
3697,-5.817599294117648
3698,-5.811444000000001
3699,-5.821254000000001
3700,-5.839090363636364
3701,-5.850684000000001
3702,-5.856069882352942
3703,-5.87145811764706
3704,-5.886846352941178
3705,-5.889924000000001
3706,-5.889924000000001
3707,-5.889924000000001
3708,-5.889924000000001
3709,-5.774269263157895
3710,-5.609048210526316
3711,-5.443827157894737
3712,-5.484444000000001
3713,-5.603353090909091
3714,-5.722262181818182
3715,-5.811444000000001
3716,-5.811444000000001
3717,-5.811444000000001
3718,-5.811444000000001
3719,-5.811444000000001
3720,-5.811444000000001
3721,-5.811444000000001
3722,-5.889924000000001
3723,-5.889924000000001
3724,-5.889924000000001
3725,-5.999796
3726,-6.0468839999999995
3727,-6.0468839999999995
3728,-6.0468839999999995
3729,-5.929164000000001
3730,-5.929164000000001
3731,-5.929164000000001
3732,-5.956330153846155
3733,-5.9684040000000005
3734,-5.9684040000000005
3735,-5.9422440000000005
3736,-5.889924000000001
3737,-5.889924000000001
3738,-5.889924000000001
3739,-5.889924000000001
3740,-5.889924000000001
3741,-5.889924000000001
3742,-5.8381272000000015
3743,-5.772204
3744,-5.772204
3745,-5.8237065
3746,-5.970856500000001
3747,-6.007644000000001
3748,-6.007644000000001
3749,-6.070428000000001
3750,-6.125364
3751,-6.125364
3752,-6.029047636363636
3753,-5.815011272727273
3754,-5.772204
3755,-5.819100585365854
3756,-5.953090829268293
3757,-6.0468839999999995
3758,-6.0468839999999995
3759,-6.001607076923077
3760,-5.9412378461538475
3761,-5.929164000000001
3762,-5.949262536585366
3763,-6.006686926829268
3764,-6.0468839999999995
3765,-6.031855914893617
3766,-5.931668680851064
3767,-5.831481446808511
3768,-5.811444000000001
3769,-5.729551826086958
3770,-5.593064869565217
3771,-5.497524
3772,-5.4928152
3773,-5.477119200000001
3774,-5.4614232000000005
3775,-5.466692571428572
3776,-5.550778285714286
3777,-5.634864
3778,-5.6937240000000005
3779,-5.685315428571429
3780,-5.671301142857143
3781,-5.657286857142858
3782,-5.678631692307693
3783,-5.726927076923078
3784,-5.775222461538463
3785,-5.811444000000001
3786,-5.811444000000001
3787,-5.811444000000001
3788,-5.811444000000001
3789,-6.125364
3790,-6.125364
3791,-6.125364
3792,-5.732964000000001
3793,-5.732964000000001
3794,-5.732964000000001
3795,-5.732964000000001
3796,-5.732964000000001
3797,-5.732964000000001
3798,-5.732964000000001
3799,-5.772204
3800,-5.772204
3801,-5.772204
3802,-5.772204
3803,-5.772204
3804,-5.772204
3805,-5.7015720000000005
3806,-5.536764000000001
3807,-5.536764000000001
3808,-5.536764000000001
3809,-5.8310640000000005
3810,-5.929164000000001
3811,-5.929164000000001
3812,-5.852390086956523
3813,-5.732964000000001
3814,-5.732964000000001
3815,-5.732964000000001
3816,-5.732964000000001
3817,-5.732964000000001
3818,-5.732964000000001
3819,-5.8344467586206905
3820,-5.929164000000001
3821,-5.929164000000001
3822,-5.8483757647058825
3823,-5.686799294117647
3824,-5.654484000000001
3825,-5.7015720000000005
3826,-5.858532000000001
3827,-5.9684040000000005
3828,-5.9684040000000005
3829,-5.952305538461539
3830,-5.932182461538463
3831,-5.929164000000001
3832,-5.9127379534883735
3833,-5.876235627906978
3834,-5.850684000000001
3835,-5.845565739130436
3836,-5.794383130434784
3837,-5.743200521739131
3838,-5.732964000000001
3839,-5.732964000000001
3840,-5.732964000000001
3841,-5.732964000000001
3842,-5.7470904
3843,-5.794178400000001
3844,-5.841266400000001
3845,-5.852749263157895
3846,-5.866517684210527
3847,-5.880286105263159
3848,-5.889924000000001
3849,-5.889924000000001
3850,-5.889924000000001
3851,-5.889924000000001
3852,-5.8657763076923075
3853,-5.817480923076923
3854,-5.769185538461539
3855,-5.732964000000001
3856,-5.732964000000001
3857,-5.732964000000001
3858,-5.732964000000001
3859,-6.0468839999999995
3860,-6.0468839999999995
3861,-6.0468839999999995
3862,-5.889924000000001
3863,-5.889924000000001
3864,-5.889924000000001
3865,-5.933524000000001
3866,-5.9684040000000005
3867,-5.9684040000000005
3868,-5.9684040000000005
3869,-5.889924000000001
3870,-5.889924000000001
3871,-5.889924000000001
3872,-5.868996000000001
3873,-5.850684000000001
3874,-5.850684000000001
3875,-5.933294526315789
3876,-6.164604
3877,-6.164604
3878,-6.164604
3879,-5.885793473684211
3880,-5.811444000000001
3881,-5.811444000000001
3882,-5.742774000000001
3883,-5.576004
3884,-5.576004
3885,-5.598788516129033
3886,-5.674736903225807
3887,-5.6937240000000005
3888,-5.6937240000000005
3889,-5.615244000000001
3890,-5.536764000000001
3891,-5.536764000000001
3892,-5.582928705882354
3893,-5.67525811764706
3894,-5.6937240000000005
3895,-5.717268
3896,-5.795748000000001
3897,-5.850684000000001
3898,-5.850684000000001
3899,-5.866380000000001
3900,-5.886000000000001
3901,-5.889924000000001
3902,-5.84176581818182
3903,-5.734747636363637
3904,-5.654484000000001
3905,-5.654484000000001
3906,-5.618811272727273
3907,-5.5831385454545455
3908,-5.576004
3909,-5.67368655319149
3910,-5.82396740425532
3911,-5.929164000000001
3912,-5.8820760000000005
3913,-5.725116000000001
3914,-5.568156
3915,-5.556091164179104
3916,-5.684938925373135
3917,-5.813786686567164
3918,-5.942634447761194
3919,-5.946604000000001
3920,-5.903004
3921,-5.859404000000001
3922,-5.844144
3923,-5.8322530909090915
3924,-5.820362181818182
3925,-5.811444000000001
3926,-5.811444000000001
3927,-5.811444000000001
3928,-5.811444000000001
3929,-5.811444000000001
3930,-5.811444000000001
3931,-5.811444000000001
3932,-6.0468839999999995
3933,-6.0468839999999995
3934,-6.0468839999999995
3935,-5.981484
3936,-5.929164000000001
3937,-5.929164000000001
3938,-5.929164000000001
3939,-5.6937240000000005
3940,-5.6937240000000005
3941,-5.6937240000000005
3942,-5.6937240000000005
3943,-5.6937240000000005
3944,-5.6937240000000005
3945,-5.755681894736842
3946,-5.929164000000001
3947,-5.929164000000001
3948,-5.929164000000001
3949,-5.9911218947368425
3950,-6.007644000000001
3951,-6.007644000000001
3952,-5.907760363636364
3953,-5.732964000000001
3954,-5.732964000000001
3955,-5.73909525
3956,-5.763620250000001
3957,-5.772204
3958,-5.772204
3959,-5.772204
3960,-5.772204
3961,-5.772204
3962,-5.840874
3963,-6.012549
3964,-6.0468839999999995
3965,-5.983119
3966,-5.728059
3967,-5.536764000000001
3968,-5.536764000000001
3969,-5.67259476923077
3970,-5.853702461538463
3971,-5.889924000000001
3972,-5.922029454545455
3973,-5.993374909090909
3974,-6.0468839999999995
3975,-6.036865276595744
3976,-5.970073787234043
3977,-5.903282297872341
3978,-5.889924000000001
3979,-5.803095063829788
3980,-5.669512085106383
3981,-5.576004
3982,-5.6089656
3983,-5.7188376000000005
3984,-5.828709600000001
3985,-5.863296857142858
3986,-5.989425428571429
3987,-6.1155539999999995
3988,-6.203844
3989,-6.16380318367347
3990,-6.003639918367348
3991,-5.843476653061225
3992,-5.759124000000001
3993,-5.663996727272727
3994,-5.568869454545456
3995,-5.497524
3996,-5.497524
3997,-5.497524
3998,-5.497524
3999,-6.086124
4000,-6.086124
4001,-6.086124
4002,-6.0468839999999995
4003,-6.0468839999999995
4004,-6.0468839999999995
4005,-5.850684000000001
4006,-5.6937240000000005
4007,-5.6937240000000005
4008,-5.6937240000000005
4009,-5.772204
4010,-5.772204
4011,-5.772204
4012,-5.981484
4013,-6.164604
4014,-6.164604
4015,-6.129724
4016,-6.007644000000001
4017,-6.007644000000001
4018,-6.007644000000001
4019,-5.855044000000001
4020,-5.811444000000001
4021,-5.811444000000001
4022,-5.824524
4023,-5.850684000000001
4024,-5.850684000000001
4025,-5.891189806451614
4026,-6.093718838709678
4027,-6.164604
4028,-6.164604
4029,-6.027264000000001
4030,-5.889924000000001
4031,-5.889924000000001
4032,-5.87220270967742
4033,-5.821570451612904
4034,-5.811444000000001
4035,-5.806413230769231
4036,-5.786290153846155
4037,-5.772204
4038,-5.772204
4039,-5.852749263157895
4040,-5.97666505263158
4041,-6.007644000000001
4042,-5.977017658536586
4043,-5.90045180487805
4044,-5.850684000000001
4045,-5.847414000000001
4046,-5.8310640000000005
4047,-5.814714
4048,-5.811444000000001
4049,-5.87269668292683
4050,-6.025828390243902
4051,-6.125364
4052,-6.113290153846154
4053,-6.083105538461538
4054,-6.052920923076923
4055,-6.025234344827586
4056,-5.916986068965517
4057,-5.8087377931034485
4058,-5.732964000000001
4059,-5.786660842105263
4060,-5.869271368421053
4061,-5.951881894736842
4062,-5.944256307692308
4063,-5.895960923076923
4064,-5.847665538461539
4065,-5.811444000000001
4066,-5.811444000000001
4067,-5.811444000000001
4068,-5.811444000000001
4069,-5.850684000000001
4070,-5.850684000000001
4071,-5.850684000000001
4072,-5.889924000000001
4073,-5.889924000000001
4074,-5.889924000000001
4075,-5.875654909090909
4076,-5.850684000000001
4077,-5.850684000000001
4078,-5.850684000000001
4079,-6.007644000000001
4080,-6.007644000000001
4081,-6.007644000000001
4082,-5.886905538461539
4083,-5.811444000000001
4084,-5.811444000000001
4085,-5.863075578947369
4086,-6.007644000000001
4087,-6.007644000000001
4088,-6.007644000000001
4089,-5.855044000000001
4090,-5.811444000000001
4091,-5.811444000000001
4092,-5.854251272727273
4093,-5.929164000000001
4094,-5.929164000000001
4095,-5.91292675862069
4096,-5.831740551724138
4097,-5.811444000000001
4098,-5.811444000000001
4099,-5.9684040000000005
4100,-6.125364
4101,-6.125364
4102,-6.056694
4103,-5.885019
4104,-5.850684000000001
4105,-5.850684000000001
4106,-5.850684000000001
4107,-5.850684000000001
4108,-5.850684000000001
4109,-5.8647701538461545
4110,-5.884893230769231
4111,-5.889924000000001
4112,-5.931126000000001
4113,-6.068466000000001
4114,-6.164604
4115,-6.1580639999999995
4116,-6.125364
4117,-6.092664
4118,-6.086124
4119,-6.064416765957446
4120,-6.0310210212765964
4121,-6.007644000000001
4122,-6.018415764705884
4123,-6.049192235294118
4124,-6.079968705882353
4125,-6.059061931034483
4126,-5.923751586206897
4127,-5.788441241379311
4128,-5.6937240000000005
4129,-5.783510440677967
4130,-5.903225694915255
4131,-6.0229409491525425
4132,-6.035672571428572
4133,-6.010758285714286
4134,-5.985844000000001
4135,-5.9684040000000005
4136,-5.9684040000000005
4137,-5.9684040000000005
4138,-5.9684040000000005
4139,-5.6937240000000005
4140,-5.6937240000000005
4141,-5.6937240000000005
4142,-5.929164000000001
4143,-5.929164000000001
4144,-5.929164000000001
4145,-6.051244
4146,-6.203844
4147,-6.203844
4148,-6.203844
4149,-6.400044
4150,-6.400044
4151,-6.400044
4152,-6.452364
4153,-6.478524
4154,-6.478524
4155,-5.966132210526316
